barcode,is_cell,contig_id,high_confidence,length,chain,v_gene,d_gene,j_gene,c_gene,full_length,productive,cdr3,cdr3_nt,reads,umis,raw_clonotype_id,raw_consensus_id
AACGTTGTCCTCCTAG-1,True,AACGTTGTCCTCCTAG-1_contig_1,True,692,IGK,IGKV3-15,None,IGKJ1,IGKC,True,True,CQLYNNWPPHVMF,TGTCAGCTGTATAATAACTGGCCTCCCCACGTCATGTTC,40435,3880,clonotype9,clonotype9_consensus_1
AACGTTGTCCTCCTAG-1,True,AACGTTGTCCTCCTAG-1_contig_2,True,698,IGH,IGHV1-3,IGHD7-27,IGHJ6,IGHG1,True,True,CAKDGPLAVRRFPGDRDYYHMDVW,TGTGCGAAAGATGGACCCCTGGCGGTCCGACGCTTCCCTGGGGACCGAGACTACTATCACATGGACGTCTGG,7266,733,clonotype9,clonotype9_consensus_2
AACTCAGCACAGATTC-1,True,AACTCAGCACAGATTC-1_contig_1,True,578,IGK,IGKV1-33,None,IGKJ4,IGKC,True,True,CQQYDNVPLTF,TGTCAACAGTATGATAATGTCCCCCTCACTTTC,1272,134,clonotype10,clonotype10_consensus_1
AACTCAGCACAGATTC-1,True,AACTCAGCACAGATTC-1_contig_2,True,718,IGH,IGHV3-23,IGHD4-23,IGHJ4,IGHG1,True,True,CAKDYGGNSDWLRWYYFDNW,TGCGCGAAGGACTATGGTGGTAACTCCGATTGGCTGAGGTGGTACTACTTTGACAACTGG,385,47,clonotype10,clonotype10_consensus_2
AACTGGTAGTTTCCTT-1,True,AACTGGTAGTTTCCTT-1_contig_1,True,691,IGH,IGHV3-11,IGHD3-3,IGHJ2,IGHA1,True,True,CARAAYYNFWTVDWYFDLW,TGTGCGAGAGCCGCATATTACAATTTTTGGACTGTGGATTGGTACTTCGATCTCTGG,4468,555,clonotype11,clonotype11_consensus_2
AACTGGTAGTTTCCTT-1,True,AACTGGTAGTTTCCTT-1_contig_2,True,674,IGL,IGLV1-51,None,IGLJ3,IGLC3,True,True,CGTWDSSLSVWVF,TGCGGAACATGGGATAGTAGCCTGAGTGTTTGGGTGTTC,3911,526,clonotype11,clonotype11_consensus_1
AACTGGTAGTTTCCTT-1,True,AACTGGTAGTTTCCTT-1_contig_3,True,650,IGL,IGLV1-47,None,IGLJ2,IGLC3,True,True,CEAWDDSLSAVVF,TGTGAAGCATGGGATGACAGCCTGAGTGCCGTGGTATTC,1092,169,clonotype11,clonotype11_consensus_4
AACTGGTAGTTTCCTT-1,True,AACTGGTAGTTTCCTT-1_contig_4,True,684,IGH,IGHV1-46,IGHD4-17,IGHJ6,IGHG1,True,True,CARESTGDRFGGSYYHYGMDVW,TGTGCAAGAGAGTCCACCGGTGACCGATTTGGCGGATCTTACTACCACTACGGAATGGACGTCTGG,1752,256,clonotype11,clonotype11_consensus_3
AACTTTCCAGTTTACG-1,True,AACTTTCCAGTTTACG-1_contig_1,True,280,IGK,IGKV2-24,None,None,None,False,None,None,None,28,3,None,None
AAGCCGCCAGCTCGCA-1,True,AAGCCGCCAGCTCGCA-1_contig_1,True,689,IGK,IGKV3-15,None,IGKJ4,IGKC,False,None,CQQYNNWPGSF,TGTCAGCAGTATAATAACTGGCCGGGCTCTTTC,8481,791,clonotype12,None
AAGCCGCCAGCTCGCA-1,True,AAGCCGCCAGCTCGCA-1_contig_2,True,705,IGH,IGHV3-23,IGHD3-22,IGHJ4,IGHG1,True,True,CAKEVHYYDASGYVDYW,TGTGCGAAAGAAGTCCATTACTATGATGCTAGTGGTTATGTAGACTACTGG,523,83,clonotype12,clonotype12_consensus_1
AAGCCGCTCCTAAGTG-1,True,AAGCCGCTCCTAAGTG-1_contig_1,True,267,IGK,IGKV3-20,None,None,None,False,None,None,None,19,2,None,None
AAGGAGCTCGTCTGCT-1,True,AAGGAGCTCGTCTGCT-1_contig_1,True,266,IGL,IGLV1-36,None,None,None,False,None,None,None,21,2,None,None
AATCCAGAGCACCGTC-1,True,AATCCAGAGCACCGTC-1_contig_1,True,342,IGH,IGHV4-61,None,None,None,False,None,None,None,19,2,None,None
AATCCAGAGCACCGTC-1,True,AATCCAGAGCACCGTC-1_contig_2,True,259,IGK,IGKV3-20,None,None,None,False,None,None,None,54,5,None,None
ACACCAAGTCCAGTAT-1,True,ACACCAAGTCCAGTAT-1_contig_1,True,605,IGK,IGKV3-11,None,IGKJ5,IGKC,True,True,CQQRGSWPPTF,TGTCAGCAGCGTGGCAGCTGGCCCCCCACTTTC,4542,442,clonotype13,clonotype13_consensus_4
ACACCAAGTCCAGTAT-1,True,ACACCAAGTCCAGTAT-1_contig_2,True,627,IGL,IGLV3-1,None,IGLJ2,IGLC2,True,True,CQAWDSNSVIF,TGTCAGGCGTGGGACAGCAACTCTGTAATTTTC,180,31,clonotype13,clonotype13_consensus_3
ACACCAAGTCCAGTAT-1,True,ACACCAAGTCCAGTAT-1_contig_3,True,699,IGH,IGHV3-33,IGHD3-9,IGHJ2,IGHG1,True,True,CGRDGVNFDHGSGPFWYLDLW,TGTGGGAGAGATGGAGTCAATTTTGATCATGGTTCAGGTCCTTTCTGGTACCTCGATCTTTGG,159,25,clonotype13,clonotype13_consensus_2
ACACCAAGTCCAGTAT-1,True,ACACCAAGTCCAGTAT-1_contig_4,True,665,IGH,IGHV1-46,IGHD1OR15-1A,IGHJ5,IGHG1,True,True,CARVRDIGGTNWLAPW,TGTGCTAGAGTCCGGGACATCGGAGGAACAAACTGGCTCGCCCCCTGG,148,20,clonotype13,clonotype13_consensus_1
ACACCGGTCTTGTCAT-1,True,ACACCGGTCTTGTCAT-1_contig_1,True,267,IGK,IGKV2-30,None,None,None,False,None,None,None,10,1,None,None
ACAGCCGAGAAAGTGG-1,True,ACAGCCGAGAAAGTGG-1_contig_1,True,661,IGK,IGKV3-11,None,IGKJ4,IGKC,True,None,None,None,7226,762,clonotype14,None
ACAGCCGAGAAAGTGG-1,True,ACAGCCGAGAAAGTGG-1_contig_2,True,671,IGH,IGHV6-1,IGHD2-2,IGHJ4,IGHG1,True,True,CARDFGYQELTNFDSW,TGTGCCAGAGATTTTGGGTACCAGGAACTGACCAACTTTGACTCCTGG,1437,157,clonotype14,clonotype14_consensus_1
ACAGCCGAGAAAGTGG-1,True,ACAGCCGAGAAAGTGG-1_contig_3,True,640,IGL,IGLV3-19,None,IGLJ1,IGLC2,True,True,CYSRDIIGDLFYVF,TGTTATTCCCGAGACATTATTGGTGACCTTTTTTATGTCTTC,491,60,clonotype14,clonotype14_consensus_2
ACAGCCGAGAAAGTGG-1,True,ACAGCCGAGAAAGTGG-1_contig_4,False,709,IGH,IGHV3-48,IGHD3-16,IGHJ6,IGHG3,True,True,CARVSIEGVLIRFKRTSERYMDVW,TGTGCGAGAGTCTCGATTGAGGGAGTTCTCATCCGCTTTAAGAGAACCTCCGAACGCTACATGGACGTCTGG,189,21,clonotype14,None
ACATGGTTCAACACGT-1,True,ACATGGTTCAACACGT-1_contig_1,True,658,IGH,IGHV3-23,IGHD3-16,IGHJ4,IGHG2,True,None,None,None,193,24,clonotype15,None
ACATGGTTCAACACGT-1,True,ACATGGTTCAACACGT-1_contig_2,True,555,IGK,IGKV1-33,None,IGKJ4,IGKC,True,True,CQGYDHLPPVAF,TGTCAGGGATATGATCATCTCCCTCCGGTCGCTTTC,1225,122,clonotype15,clonotype15_consensus_1
ACCCACTGTAGAAAGG-1,True,ACCCACTGTAGAAAGG-1_contig_1,True,265,IGH,IGHV1-46,None,None,None,False,None,None,None,9,1,None,None
ACCGTAACAGCTGGCT-1,True,ACCGTAACAGCTGGCT-1_contig_1,True,271,IGH,IGHV3-66,None,None,None,False,None,None,None,16,1,None,None
ACGAGCCAGATCCGAG-1,True,ACGAGCCAGATCCGAG-1_contig_1,True,429,IGK,IGKV2D-28,None,IGKJ4,None,True,True,CMQALQTITF,TGCATGCAAGCTCTACAAACTATCACTTTC,31,3,clonotype16,clonotype16_consensus_1
ACGAGCCGTAGCGTAG-1,True,ACGAGCCGTAGCGTAG-1_contig_1,True,660,IGK,IGKV1-8,None,IGKJ1,IGKC,True,True,CQQYDSYFRTF,TGCCAACAGTATGATAGTTATTTTCGAACGTTC,9630,1086,clonotype17,clonotype17_consensus_3
ACGAGCCGTAGCGTAG-1,True,ACGAGCCGTAGCGTAG-1_contig_2,False,661,IGK,IGKV1-5,None,IGKJ1,IGKC,True,True,CQQYDSYFRTF,TGCCAACAGTATGATAGTTATTTTCGAACGTTC,618,78,clonotype17,None
ACGAGCCGTAGCGTAG-1,True,ACGAGCCGTAGCGTAG-1_contig_3,True,663,IGK,IGKV1-8,None,IGKJ1,IGKC,True,True,CQQSYSDVLWTF,TGTCAACAGAGTTACAGTGACGTCCTGTGGACGTTC,2418,307,clonotype17,clonotype17_consensus_1
ACGAGCCGTAGCGTAG-1,True,ACGAGCCGTAGCGTAG-1_contig_4,True,669,IGH,IGHV1-2,IGHD6-19,IGHJ4,IGHG1,True,True,CARDISGLDLHSTW,TGTGCGAGAGATATATCAGGCCTGGATTTACACTCCACTTGG,2739,337,clonotype17,clonotype17_consensus_4
ACGAGCCGTAGCGTAG-1,True,ACGAGCCGTAGCGTAG-1_contig_5,False,680,IGH,IGHV1-2,IGHD6-19,IGHJ4,IGHG1,True,True,CARDISGLDLHSTW,TGTGCGAGAGATATATCAGGCCTGGATTTACACTCCACTTGG,850,112,clonotype17,None
ACGAGCCGTAGCGTAG-1,True,ACGAGCCGTAGCGTAG-1_contig_6,False,630,IGH,IGHV4-61,IGHD3-9,IGHJ5,IGHA1,True,True,CVRAGFLTLDPW,TGTGTGAGAGCAGGATTTCTGACTTTGGACCCCTGG,257,31,clonotype17,None
ACGAGCCGTAGCGTAG-1,True,ACGAGCCGTAGCGTAG-1_contig_7,True,745,IGL,IGLV1-44,None,IGLJ2,IGLC2,True,True,CAAWDDSLHGVVF,TGTGCAGCATGGGATGACAGCCTGCATGGTGTGGTATTC,1899,324,clonotype17,clonotype17_consensus_2
ACGAGGACAGATAATG-1,True,ACGAGGACAGATAATG-1_contig_1,True,337,IGH,IGHV4-61,None,None,None,False,None,None,None,30,3,None,None
ACGAGGACATAAGACA-1,True,ACGAGGACATAAGACA-1_contig_1,True,263,IGH,IGHV3-7,None,None,None,False,None,None,None,20,2,None,None
ACGAGGATCTTGCCGT-1,True,ACGAGGATCTTGCCGT-1_contig_1,True,357,IGL,IGLV6-57,None,IGLJ3,IGLC2,False,None,None,None,26,3,None,None
ACGAGGATCTTGCCGT-1,True,ACGAGGATCTTGCCGT-1_contig_2,False,303,IGL,IGLV6-57,None,None,None,False,None,None,None,18,2,None,None
ACGATGTCATCCAACA-1,True,ACGATGTCATCCAACA-1_contig_1,True,664,IGK,IGKV1-9,None,IGKJ3,IGKC,True,True,CQQLHSYPPFTF,TGTCAACAGCTTCATAGTTACCCTCCATTCACTTTC,44356,4386,clonotype18,clonotype18_consensus_2
ACGATGTCATCCAACA-1,True,ACGATGTCATCCAACA-1_contig_2,False,681,IGK,IGKV1-9,None,IGKJ3,IGKC,True,True,CQQLHSYPPFTF,TGTCAACAGCTTCATAGTTACCCTCCATTCACTTTC,520,62,clonotype18,None
ACGATGTCATCCAACA-1,True,ACGATGTCATCCAACA-1_contig_3,True,748,IGH,IGHV1-24,IGHD3-22,IGHJ3,IGHG2,True,True,CANVRRYDDTSGYSPYDVFDIW,TGTGCAAATGTCCGACGTTACGATGATACGAGTGGTTATTCCCCTTATGATGTTTTTGATATCTGG,10015,1010,clonotype18,clonotype18_consensus_1
ACGCAGCCACTGTCGG-1,True,ACGCAGCCACTGTCGG-1_contig_1,True,252,IGH,IGHV3-66,None,None,None,False,None,None,None,18,2,None,None
ACGCAGCCACTGTCGG-1,True,ACGCAGCCACTGTCGG-1_contig_2,True,306,IGK,IGKV3-20,None,None,None,False,None,None,None,40,4,None,None
ACGCAGCTCTTGACGA-1,True,ACGCAGCTCTTGACGA-1_contig_1,True,640,IGH,IGHV3-23,None,IGHJ4,IGHA1,True,True,CAKDGFDYW,TGTGCGAAGGACGGCTTTGACTACTGG,231,26,clonotype19,clonotype19_consensus_2
ACGCAGCTCTTGACGA-1,True,ACGCAGCTCTTGACGA-1_contig_2,True,492,IGL,IGLV3-21,None,IGLJ1,IGLC1,True,True,CQVWESTSGQYAF,TGTCAGGTGTGGGAGAGTACCAGTGGTCAGTATGCCTTC,146,17,clonotype19,clonotype19_consensus_1
ACGCCAGGTACAGTTC-1,True,ACGCCAGGTACAGTTC-1_contig_1,True,652,IGH,IGHV1-18,IGHD3-16,IGHJ3,IGHG1,True,True,CSRGEYPNGFDIW,TGTTCGAGGGGGGAATACCCCAATGGCTTTGATATCTGG,990,108,clonotype20,clonotype20_consensus_2
ACGCCAGGTACAGTTC-1,True,ACGCCAGGTACAGTTC-1_contig_2,True,636,IGL,IGLV3-21,None,IGLJ2,IGLC2,True,True,CQVWYSGSQSVVF,TGTCAGGTGTGGTATAGTGGTAGTCAGTCTGTGGTTTTC,545,70,clonotype20,clonotype20_consensus_1
ACGCCGAAGACCTTTG-1,True,ACGCCGAAGACCTTTG-1_contig_1,True,346,IGH,IGHV2-26,None,None,None,False,None,None,None,69,7,None,None
ACGCCGAAGACCTTTG-1,True,ACGCCGAAGACCTTTG-1_contig_2,False,347,IGH,IGHV2-26,None,None,None,False,None,None,None,9,1,None,None
ACGCCGAAGCTAACTC-1,True,ACGCCGAAGCTAACTC-1_contig_1,True,622,IGK,IGKV3-20,None,IGKJ4,IGKC,True,True,CQQYDSSPLTF,TGTCAGCAGTATGACAGCTCACCGCTCACTTTC,5350,556,clonotype21,clonotype21_consensus_2
ACGCCGAAGCTAACTC-1,True,ACGCCGAAGCTAACTC-1_contig_2,True,729,IGH,IGHV1-46,IGHD2-15,IGHJ6,IGHG1,True,True,CARDPWLVVVPNYFYGMDVW,TGTGCTAGAGATCCCTGGCTTGTAGTGGTGCCAAATTACTTCTACGGTATGGACGTCTGG,1532,155,clonotype21,clonotype21_consensus_1
ACGGAGAAGTATTGGA-1,True,ACGGAGAAGTATTGGA-1_contig_1,True,697,IGH,IGHV3-30,IGHD5-24,IGHJ6,IGHG1,True,True,CAREGAPRDLTSYYYYYMDVW,TGTGCGAGAGAGGGCGCCCCCCGCGACCTGACCTCCTACTATTACTACTACATGGACGTCTGG,315,40,clonotype4,clonotype4_consensus_1
ACGGAGAAGTATTGGA-1,True,ACGGAGAAGTATTGGA-1_contig_2,True,553,IGK,IGKV1D-39,None,IGKJ4,IGKC,True,True,CLQTYSIPLTF,TGTCTACAGACTTACAGTATCCCCCTCACTTTC,2175,211,clonotype4,clonotype4_consensus_2
ACGGAGATCACAACGT-1,True,ACGGAGATCACAACGT-1_contig_1,True,306,IGH,IGHV4-59,None,None,None,False,None,None,None,36,4,None,None
ACGGAGATCACAACGT-1,True,ACGGAGATCACAACGT-1_contig_2,True,254,Multi,IGLV3-12,None,None,IGHA1,False,None,None,None,20,2,None,None
ACGGGCTGTCTAGAGG-1,True,ACGGGCTGTCTAGAGG-1_contig_1,True,710,IGH,IGHV3-74,IGHD3-3,IGHJ5,IGHG1,True,True,CARDGGYDDFWSGYGWFDPW,TGTGCAAGAGACGGGGGGTACGACGATTTTTGGAGTGGTTATGGGTGGTTCGACCCCTGG,1829,239,clonotype22,clonotype22_consensus_2
ACGGGCTGTCTAGAGG-1,True,ACGGGCTGTCTAGAGG-1_contig_2,True,734,IGL,IGLV1-40,None,IGLJ3,IGLC3,True,True,CQSYDRSLSGSGVF,TGCCAGTCGTACGACAGAAGTCTGAGTGGTTCGGGGGTGTTC,2466,303,clonotype22,clonotype22_consensus_1
ACGGGCTGTCTAGAGG-1,True,ACGGGCTGTCTAGAGG-1_contig_3,False,295,IGL,IGLV9-49,None,IGLJ1,IGLC3,False,None,None,None,98,16,clonotype22,None
ACGGGCTTCACCATAG-1,True,ACGGGCTTCACCATAG-1_contig_1,True,556,IGK,IGKV3-20,None,IGKJ2,IGKC,True,True,CQQYGSSLYTF,TGTCAGCAGTATGGTAGCTCCCTGTACACTTTT,473,49,clonotype23,clonotype23_consensus_1
AGACGTTAGTCCGTAT-1,True,AGACGTTAGTCCGTAT-1_contig_1,True,553,IGK,IGKV2D-28,None,IGKJ3,IGKC,False,None,CMQTLQTPTF,TGCATGCAAACCCTACAAACTCCCACTTTC,89,9,None,None
AGACGTTAGTCCGTAT-1,True,AGACGTTAGTCCGTAT-1_contig_2,True,343,IGH,IGHV3-20,None,None,None,False,False,CS*WSLGEMWF,TGCAGCTGATGGAGTCTGGGGGAGATGTGGTTC,34,3,None,None
AGAGCGAGTAAGTGTA-1,True,AGAGCGAGTAAGTGTA-1_contig_1,True,567,IGK,IGKV4-1,None,IGKJ2,IGKC,True,True,CQQYSSIPYTF,TGTCAGCAATATTCTAGTATTCCGTACACTTTT,380,36,clonotype24,clonotype24_consensus_1
AGCGGTCAGACTGTAA-1,True,AGCGGTCAGACTGTAA-1_contig_1,True,497,IGH,IGHV4-4,IGHD6-6,IGHJ4,IGHA1,False,None,CVRRGSILADYW,TGTGTGAGACGGGGCTCGATCCTTGCGGACTACTGG,140,11,None,None
AGCGTCGAGCCGGTAA-1,True,AGCGTCGAGCCGGTAA-1_contig_1,True,260,IGL,IGLV1-40,None,None,None,False,None,None,None,10,1,None,None
AGGGAGTTCACATAGC-1,True,AGGGAGTTCACATAGC-1_contig_1,True,549,IGK,IGKV3-11,None,IGKJ2,IGKC,True,True,CSNWPTAF,TGTTCCAACTGGCCTACGGCTTTT,50,5,clonotype25,clonotype25_consensus_1
AGGGAGTTCACATAGC-1,True,AGGGAGTTCACATAGC-1_contig_2,True,514,IGH,IGHV4-59,IGHD3-22,IGHJ5,IGHG2,False,None,CARGKPYWYDQSGSPGFFDPW,TGTGCGCGAGGCAAGCCATATTGGTATGATCAGAGTGGCTCACCTGGGTTCTTCGACCCCTGG,89,8,clonotype25,None
ATCATCTGTGGTCTCG-1,True,ATCATCTGTGGTCTCG-1_contig_1,True,655,IGK,IGKV1D-39,None,IGKJ4,IGKC,True,True,CLQTYSIPLTF,TGTCTACAGACTTACAGTATCCCCCTCACTTTC,11582,1094,clonotype4,clonotype4_consensus_2
ATCATCTGTGGTCTCG-1,True,ATCATCTGTGGTCTCG-1_contig_2,True,701,IGH,IGHV3-30,IGHD5-24,IGHJ6,IGHG1,True,True,CAREGAPRDLTSYYYYYMDVW,TGTGCGAGAGAGGGCGCCCCCCGCGACCTGACCTCCTACTATTACTACTACATGGACGTCTGG,1419,212,clonotype4,clonotype4_consensus_1
ATGTGTGTCGCCCTTA-1,True,ATGTGTGTCGCCCTTA-1_contig_1,True,794,IGK,IGKV3-20,None,IGKJ1,IGKC,True,True,CQQFGGSPLWTF,TGTCAGCAGTTTGGTGGCTCACCTCTGTGGACGTTC,17591,1726,clonotype26,clonotype26_consensus_2
ATGTGTGTCGCCCTTA-1,True,ATGTGTGTCGCCCTTA-1_contig_2,False,794,IGK,IGKV3-20,None,IGKJ1,IGKC,True,True,CQQFGGSPLWTF,TGTCAGCAGTTTGGTGGCTCACCTCTGTGGACGTTC,162,26,clonotype26,None
ATGTGTGTCGCCCTTA-1,True,ATGTGTGTCGCCCTTA-1_contig_3,True,685,IGH,IGHV5-51,IGHD4-17,IGHJ2,IGHG1,True,True,CTRQNGDYLYWYFDLW,TGTACGAGACAGAACGGTGACTACCTCTACTGGTACTTCGATCTCTGG,3875,400,clonotype26,clonotype26_consensus_1
ATGTGTGTCGCCCTTA-1,True,ATGTGTGTCGCCCTTA-1_contig_4,False,699,IGH,IGHV4-61,IGHD3-10,IGHJ6,IGHG1,True,True,CARTRIYGSTSISYYYYYMDVW,TGTGCGAGAACAAGAATCTATGGTTCAACGAGTATTTCCTACTACTACTACTACATGGACGTCTGG,243,28,clonotype26,None
ATTACTCTCCGTAGTA-1,True,ATTACTCTCCGTAGTA-1_contig_1,True,703,IGH,IGHV3-33,IGHD2-21,IGHJ2,IGHG2,True,True,CARGLVVVVTAFLSPHNWYFDLW,TGTGCGAGAGGCCTTGTTGTAGTGGTGACAGCTTTCCTTTCCCCCCACAACTGGTACTTCGATCTCTGG,202,23,clonotype27,clonotype27_consensus_1
ATTACTCTCCGTAGTA-1,True,ATTACTCTCCGTAGTA-1_contig_2,False,304,IGH,IGHV3-21,None,None,IGHG2,False,None,None,None,10,1,clonotype27,None
ATTACTCTCCGTAGTA-1,True,ATTACTCTCCGTAGTA-1_contig_3,True,433,IGL,IGLV1-40,None,IGLJ2,None,False,None,CQSYDSGLSFLVF,TGCCAGTCCTATGACAGCGGCCTGAGTTTTTTGGTATTC,106,14,clonotype27,None
ATTGGACCACTAAGTC-1,True,ATTGGACCACTAAGTC-1_contig_1,True,843,IGK,IGKV3-20,None,IGKJ2,IGKC,True,True,CQQYGSSPYTF,TGTCAGCAGTATGGTAGCTCACCGTACACTTTT,27912,2690,clonotype28,clonotype28_consensus_2
ATTGGACCACTAAGTC-1,True,ATTGGACCACTAAGTC-1_contig_2,True,693,IGH,IGHV5-51,IGHD3-22,IGHJ3,IGHG1,True,True,CARPHDYDSSGHHPNDAFDMW,TGTGCGAGACCGCATGACTATGATAGTAGTGGACATCACCCAAATGATGCATTTGATATGTGG,3483,373,clonotype28,clonotype28_consensus_1
CAAGGCCTCTGGCGTG-1,True,CAAGGCCTCTGGCGTG-1_contig_1,True,670,IGL,IGLV4-69,None,IGLJ3,IGLC3,True,True,CQTWDTGSLF,TGTCAGACCTGGGACACTGGGTCCCTGTTC,2171,228,clonotype1,clonotype1_consensus_1
CAAGGCCTCTGGCGTG-1,True,CAAGGCCTCTGGCGTG-1_contig_2,False,425,IGL,IGLV3-19,None,IGLJ1,IGLC3,False,None,None,None,148,18,clonotype1,None
CAAGGCCTCTGGCGTG-1,True,CAAGGCCTCTGGCGTG-1_contig_3,True,666,IGH,IGHV3-15,None,IGHJ4,IGHG1,True,True,CTTDLEYW,TGTACCACAGATCTTGAATATTGG,794,102,clonotype1,clonotype1_consensus_2
CACAAACGTGTAAGTA-1,True,CACAAACGTGTAAGTA-1_contig_1,True,531,IGH,IGHV1-69-2,IGHD2-21,IGHJ6,IGHG1,True,True,CASGHLVAVTARKPYYYGMNVW,TGTGCGAGTGGGCATCTTGTGGCGGTGACTGCTAGAAAACCTTACTACTACGGTATGAATGTTTGG,310,36,clonotype29,clonotype29_consensus_1
CACACAACATAAGACA-1,True,CACACAACATAAGACA-1_contig_1,True,674,IGK,IGKV1-5,None,IGKJ3,IGKC,True,True,CQQYSTNPTF,TGCCAACAGTATAGTACTAATCCCACTTTC,16035,1866,clonotype30,clonotype30_consensus_1
CACACAACATAAGACA-1,True,CACACAACATAAGACA-1_contig_2,True,697,IGK,IGKV2D-28,None,IGKJ1,IGKC,True,True,CMQAVPPRTF,TGCATGCAAGCGGTCCCCCCCCGAACGTTC,4001,510,clonotype30,clonotype30_consensus_5
CACACAACATAAGACA-1,True,CACACAACATAAGACA-1_contig_3,True,705,IGL,IGLV4-69,None,IGLJ3,IGLC3,True,True,CQTWDTGSLF,TGTCAGACCTGGGACACTGGGTCCCTGTTC,2823,385,clonotype30,clonotype30_consensus_4
CACACAACATAAGACA-1,True,CACACAACATAAGACA-1_contig_4,False,335,IGK,IGKV3-20,None,None,IGKC,False,None,None,None,1254,163,clonotype30,None
CACACAACATAAGACA-1,True,CACACAACATAAGACA-1_contig_5,True,686,IGH,IGHV3-15,None,IGHJ4,IGHG1,True,True,CTTDLEFW,TGTACCACAGATCTTGAATTTTGG,3156,489,clonotype30,clonotype30_consensus_2
CACACAACATAAGACA-1,True,CACACAACATAAGACA-1_contig_6,True,666,IGH,IGHV1-69-2,IGHD1OR15-1A,IGHJ4,IGHG1,True,True,CARAPPGQHIFHFW,TGTGCGAGAGCCCCGCCGGGACAACACATTTTTCACTTCTGG,1344,200,clonotype30,clonotype30_consensus_3
CACACAACATAAGACA-1,True,CACACAACATAAGACA-1_contig_7,False,692,IGH,IGHV3-49,IGHD3-16,IGHJ4,IGHG1,True,True,CSFRRAAANVGVNEYW,TGTTCTTTCCGGCGGGCTGCGGCAAATGTTGGGGTCAATGAATACTGG,661,97,clonotype30,None
CACACAACATCTACGA-1,True,CACACAACATCTACGA-1_contig_1,True,661,IGK,IGKV1-33,None,IGKJ4,IGKC,True,True,CQEYDNLPLTF,TGTCAAGAGTATGATAATCTCCCGCTCACTTTC,13346,1226,clonotype31,clonotype31_consensus_2
CACACAACATCTACGA-1,True,CACACAACATCTACGA-1_contig_2,True,667,IGH,IGHV4-31,IGHD3-16,IGHJ2,IGHG1,True,True,CARGGDAFDLW,TGTGCCAGAGGGGGGGATGCTTTCGATCTCTGG,1196,179,clonotype31,clonotype31_consensus_1
CACATAGTCATAACCG-1,True,CACATAGTCATAACCG-1_contig_1,True,306,IGK,IGKV3-20,None,None,None,False,None,None,None,20,2,None,None
CACATAGTCATAACCG-1,True,CACATAGTCATAACCG-1_contig_2,True,285,IGH,IGHV1-69-2,None,None,None,False,None,CPVPGAAGAIW,TGTCCAGTCCCAGGTGCAGCTGGTGCAATCTGG,17,2,None,None
CACATTTAGGCAGGTT-1,True,CACATTTAGGCAGGTT-1_contig_1,True,289,IGL,IGLV1-40,None,IGLJ2,IGLC2,False,None,CQSYDNRLNIIF,TGCCAGTCGTATGACAACCGCCTGAATATCATATTC,11,1,None,None
CACATTTGTTAAAGAC-1,True,CACATTTGTTAAAGAC-1_contig_1,True,552,IGK,IGKV3-20,None,IGKJ2,IGKC,True,True,CQLLETF,TGTCAGCTCCTCGAGACTTTC,1063,101,clonotype32,clonotype32_consensus_2
CACATTTGTTAAAGAC-1,True,CACATTTGTTAAAGAC-1_contig_2,True,639,IGH,IGHV4-31,IGHD4-23,IGHJ4,IGHG1,True,True,CARTRVRWGAFDYW,TGCGCCAGAACGAGGGTACGGTGGGGGGCCTTTGACTACTGG,167,18,clonotype32,clonotype32_consensus_1
CACCTTGCAAGTTAAG-1,True,CACCTTGCAAGTTAAG-1_contig_1,True,749,IGK,IGKV3-20,None,IGKJ1,IGKC,True,True,CQQYSGSPRTF,TGTCAGCAGTATAGTGGCTCACCTCGGACGTTC,23358,2230,clonotype5,clonotype5_consensus_2
CACCTTGCAAGTTAAG-1,True,CACCTTGCAAGTTAAG-1_contig_2,True,709,IGH,IGHV3-20,IGHD2-15,IGHJ4,IGHG1,True,True,CAREDYCSGDKCAFDYW,TGTGCGAGAGAGGACTATTGTAGTGGTGATAAGTGTGCATTTGACTACTGG,2564,274,clonotype5,clonotype5_consensus_1
CACCTTGCAAGTTAAG-1,True,CACCTTGCAAGTTAAG-1_contig_3,True,526,Multi,TRBV13,None,IGHJ6,IGHA2,False,None,None,None,191,25,clonotype5,None
CAGAATCTCCATGAAC-1,True,CAGAATCTCCATGAAC-1_contig_1,True,663,IGH,IGHV4-61,IGHD3-10,IGHJ4,IGHG1,True,True,CATWMVRGAAFDVW,TGTGCGACCTGGATGGTTCGGGGAGCCGCCTTTGACGTCTGG,2557,352,clonotype33,clonotype33_consensus_1
CAGAATCTCCATGAAC-1,True,CAGAATCTCCATGAAC-1_contig_2,True,663,IGL,IGLV2-23,None,IGLJ1,IGLC1,True,True,CSYAGGSISYVF,TGCTCATATGCAGGTGGTTCCATTTCCTATGTCTTC,12042,1177,clonotype33,clonotype33_consensus_2
CAGATCATCAGATAAG-1,True,CAGATCATCAGATAAG-1_contig_1,True,564,IGK,IGKV2D-28,None,IGKJ4,IGKC,True,True,CMQAQQILTF,TGCATGCAAGCTCAACAGATTCTCACTTTC,171,18,clonotype34,clonotype34_consensus_1
CAGATCATCAGATAAG-1,True,CAGATCATCAGATAAG-1_contig_2,True,547,IGH,IGHV2-5,IGHD6-19,IGHJ5,IGHG1,True,True,CAHRSQWLRRWGGLDPW,TGTGCCCACAGGAGTCAGTGGCTGAGGCGTTGGGGGGGGCTCGACCCCTGG,236,24,clonotype34,clonotype34_consensus_2
CAGCAGCGTCCGAGTC-1,True,CAGCAGCGTCCGAGTC-1_contig_1,True,579,IGK,IGKV3-15,None,IGKJ4,IGKC,True,True,CQQYDSWPLTF,TGTCAGCAGTATGATAGCTGGCCGCTCACTTTC,8100,810,clonotype35,clonotype35_consensus_1
CAGCAGCGTCCGAGTC-1,True,CAGCAGCGTCCGAGTC-1_contig_2,True,696,IGH,IGHV3-21,IGHD6-19,IGHJ3,IGHG1,True,True,CARDHGYSTGWLGDSFDLW,TGTGCGAGAGATCATGGGTATAGCACTGGCTGGTTGGGGGATTCCTTTGATCTCTGG,1748,245,clonotype35,clonotype35_consensus_2
CAGCATAAGCTCCTTC-1,True,CAGCATAAGCTCCTTC-1_contig_1,True,672,IGH,IGHV1-2,IGHD1-14,IGHJ4,IGHG1,True,True,CARGTASNPWDPTFHFW,TGTGCGAGAGGCACCGCGTCGAACCCCTGGGACCCTACCTTTCACTTCTGG,2737,417,clonotype36,clonotype36_consensus_2
CAGCATAAGCTCCTTC-1,True,CAGCATAAGCTCCTTC-1_contig_2,False,688,IGH,IGHV4-61,IGHD2-21,IGHJ4,IGHG1,True,True,CARVKPIHVVWAGEVRGEGPFDYW,TGTGCGAGGGTGAAGCCTATACATGTCGTGTGGGCTGGTGAAGTCCGGGGAGAGGGCCCTTTTGACTACTGG,239,39,clonotype36,None
CAGCATAAGCTCCTTC-1,True,CAGCATAAGCTCCTTC-1_contig_3,True,846,IGK,IGKV3-20,None,IGKJ3,IGKC,True,True,CQYYLDSPPFFTF,TGTCAGTACTATCTTGACTCACCTCCCTTTTTCACTTTC,11995,1469,clonotype36,clonotype36_consensus_1
CAGCATAAGCTCCTTC-1,True,CAGCATAAGCTCCTTC-1_contig_4,True,695,IGL,IGLV3-19,None,IGLJ2,IGLC2,True,True,CISRDSNYYHLVF,TGTATCTCCCGGGACAGCAATTATTACCATCTGGTCTTC,8351,934,clonotype36,clonotype36_consensus_3
CAGCGACTCGTTGACA-1,True,CAGCGACTCGTTGACA-1_contig_1,True,285,Multi,IGLV7-43,None,None,IGHG1,False,None,CTSSSCLDYYYYGMDVW,TGTACGAGTTCCAGTTGCCTCGATTACTACTACTACGGAATGGACGTCTGG,12,1,None,None
CAGTAACTCCAAGTAC-1,True,CAGTAACTCCAAGTAC-1_contig_1,True,251,IGH,IGHV1-2,None,None,None,False,None,None,None,11,1,None,None
CAGTCCTCAGACTCGC-1,True,CAGTCCTCAGACTCGC-1_contig_1,True,566,IGK,IGKV3-15,None,IGKJ2,IGKC,True,True,CQQYNDWRPYTF,TGTCAGCAGTATAATGACTGGCGTCCGTACACTTTT,3124,326,clonotype37,clonotype37_consensus_2
CAGTCCTCAGACTCGC-1,True,CAGTCCTCAGACTCGC-1_contig_2,True,662,IGH,IGHV4-61,IGHD3-10,IGHJ5,IGHG1,True,True,CAKEGIRGANFDPW,TGTGCGAAAGAAGGGATTCGGGGAGCTAACTTCGACCCCTGG,1130,142,clonotype37,clonotype37_consensus_1
CATATGGAGCATGGCA-1,True,CATATGGAGCATGGCA-1_contig_1,True,642,IGL,IGLV2-14,None,IGLJ1,IGLC1,True,True,CGSYTTSNTYVF,TGCGGCTCCTATACAACCAGCAACACCTATGTCTTC,395,41,clonotype38,clonotype38_consensus_1
CATCAAGAGACATAAC-1,True,CATCAAGAGACATAAC-1_contig_1,True,274,IGH,IGHV1-24,None,None,None,False,None,None,None,16,2,None,None
CATCGAAGTCGAATCT-1,True,CATCGAAGTCGAATCT-1_contig_1,True,684,IGL,IGLV3-25,None,IGLJ2,IGLC2,True,True,CQSGDSSGSFHLKF,TGTCAATCGGGAGACAGCAGTGGTTCCTTCCATCTCAAATTC,8908,1120,clonotype39,clonotype39_consensus_3
CATCGAAGTCGAATCT-1,True,CATCGAAGTCGAATCT-1_contig_2,True,675,IGL,IGLV1-51,None,IGLJ3,IGLC2,True,True,CGTWDSSLTAGVF,TGCGGAACATGGGATAGCAGCCTGACTGCTGGGGTGTTC,2801,350,clonotype39,clonotype39_consensus_2
CATCGAAGTCGAATCT-1,True,CATCGAAGTCGAATCT-1_contig_3,True,677,IGH,IGHV4-4,IGHD3-22,IGHJ6,IGHG1,True,True,CARGVDYNERFQFRGTYSMDVW,TGTGCGCGAGGGGTTGATTACAATGAGCGGTTTCAATTCCGTGGTACCTACTCCATGGACGTCTGG,1823,274,clonotype39,clonotype39_consensus_4
CATCGAAGTCGAATCT-1,True,CATCGAAGTCGAATCT-1_contig_4,True,703,IGH,IGHV3-33,IGHD1OR15-1A,IGHJ3,IGHG1,True,True,CARGGEQLLGAFDLW,TGTGCGAGGGGGGGAGAACAACTCCTTGGTGCTTTTGATTTGTGG,1124,171,clonotype39,clonotype39_consensus_1
CATCGGGGTGGACGAT-1,True,CATCGGGGTGGACGAT-1_contig_1,True,681,IGL,IGLV1-40,None,IGLJ1,IGLC1,True,True,CQSYDSSLSAYVF,TGCCAGTCCTATGACAGCAGCCTGAGTGCTTATGTCTTC,13899,1488,clonotype40,clonotype40_consensus_1
CATCGGGGTGGACGAT-1,True,CATCGGGGTGGACGAT-1_contig_10,False,689,IGH,IGHV3-33,IGHD4-17,IGHJ4,IGHG1,True,True,CGSDRDESVGFYGVVGYW,TGTGGGAGCGATCGAGATGAAAGTGTAGGCTTCTACGGTGTGGTCGGCTACTGG,157,19,clonotype40,None
CATCGGGGTGGACGAT-1,True,CATCGGGGTGGACGAT-1_contig_2,False,681,IGL,IGLV1-40,None,IGLJ1,IGLC1,True,True,CDSSLTGFVF,TGTGACAGCAGCCTGACTGGTTTTGTCTTC,107,15,clonotype40,None
CATCGGGGTGGACGAT-1,True,CATCGGGGTGGACGAT-1_contig_3,False,681,IGL,IGLV1-40,None,IGLJ1,IGLC1,True,True,CQSYDSSLSAYVF,TGCCAGTCCTATGACAGCAGCCTGAGTGCTTATGTCTTC,85,14,clonotype40,None
CATCGGGGTGGACGAT-1,True,CATCGGGGTGGACGAT-1_contig_4,False,681,IGL,IGLV1-40,None,IGLJ1,IGLC1,True,True,CQSYDSSLSAYVF,TGCCAGTCCTATGACAGCAGCCTGAGTGCTTATGTCTTC,278,42,clonotype40,None
CATCGGGGTGGACGAT-1,True,CATCGGGGTGGACGAT-1_contig_5,False,655,IGL,IGLV3-1,None,IGLJ3,IGLC1,True,True,CQAWDSSTGVF,TGTCAGGCGTGGGACAGCAGCACTGGGGTTTTC,391,59,clonotype40,None
CATCGGGGTGGACGAT-1,True,CATCGGGGTGGACGAT-1_contig_6,True,713,IGH,IGHV3-23,IGHD3-16,IGHJ4,IGHG1,True,True,CAKGFVDAPFVHPSYYFDDW,TGTGCGAAAGGTTTCGTTGATGCACCTTTTGTTCACCCATCTTATTACTTTGACGACTGG,837,106,clonotype40,clonotype40_consensus_2
CATCGGGGTGGACGAT-1,True,CATCGGGGTGGACGAT-1_contig_7,False,639,IGL,IGLV3-21,None,IGLJ3,IGLC1,True,True,CQVWHSVDYHRGVF,TGTCAGGTGTGGCATAGTGTTGATTATCATCGGGGGGTGTTC,272,38,clonotype40,None
CATCGGGGTGGACGAT-1,True,CATCGGGGTGGACGAT-1_contig_8,False,711,IGH,IGHV3-23,IGHD3-16,IGHJ4,IGHG1,True,True,CAKGFVDAPFVHPSYYFDDW,TGTGCGAAAGGTTTCGTTGATGCACCTTTTGTTCACCCATCTTATTACTTTGACGACTGG,233,33,clonotype40,None
CATCGGGGTGGACGAT-1,True,CATCGGGGTGGACGAT-1_contig_9,True,678,IGH,IGHV1-18,IGHD2-2,IGHJ3,IGHG1,False,None,CAREDCTYTSCYYPGYEALDMW,TGTGCGAGAGAAGATTGTACTTATACCAGCTGCTATTACCCCGGCTATGAGGCTCTTGATATGTGG,265,31,clonotype40,None
CCACCTACATTCACTT-1,True,CCACCTACATTCACTT-1_contig_1,True,631,IGL,IGLV3-1,None,IGLJ2,IGLC2,True,True,CQAWDSGTVVF,TGTCAGGCGTGGGACAGTGGCACGGTGGTTTTC,6155,663,clonotype41,clonotype41_consensus_2
CCACCTACATTCACTT-1,True,CCACCTACATTCACTT-1_contig_2,True,669,IGH,IGHV4-61,IGHD4-17,IGHJ6,IGHG2,True,True,CARGSQVTAVRRGNSHYYGLDVW,TGCGCGAGAGGGTCGCAAGTGACTGCGGTGAGGAGGGGTAACTCCCACTATTACGGACTGGACGTCTGG,1800,192,clonotype41,clonotype41_consensus_1
CCACCTAGTGTGACGA-1,True,CCACCTAGTGTGACGA-1_contig_1,True,634,IGL,IGLV3-10,None,IGLJ3,IGLC3,True,True,CYSTDTDTNRVF,TGTTACTCAACAGACACCGATACTAATCGGGTGTTC,5360,647,clonotype42,clonotype42_consensus_2
CCACCTAGTGTGACGA-1,True,CCACCTAGTGTGACGA-1_contig_2,True,717,IGH,IGHV4-31,IGHD1-14,IGHJ3,IGHA1,True,True,CASSRDHDAFDVW,TGTGCCAGTAGTCGGGACCATGATGCTTTTGATGTCTGG,6249,710,clonotype42,clonotype42_consensus_1
CCCAGTTAGCTAAGAT-1,True,CCCAGTTAGCTAAGAT-1_contig_1,True,676,IGH,IGHV1-18,IGHD2-2,IGHJ3,IGHG1,False,None,CAREDCTYTSCYYPGYEALDMW,TGTGCGAGAGAAGATTGTACTTATACCAGCTGCTATTACCCCGGCTATGAGGCTCTTGATATGTGG,142,17,clonotype43,None
CCCAGTTAGCTAAGAT-1,True,CCCAGTTAGCTAAGAT-1_contig_2,True,568,IGK,IGKV3-11,None,IGKJ2,IGKC,True,True,CHQRSAWPYTF,TGTCACCAACGTAGCGCCTGGCCGTACACTTTT,357,37,clonotype43,clonotype43_consensus_1
CCCAGTTAGCTAAGAT-1,True,CCCAGTTAGCTAAGAT-1_contig_3,True,425,IGH,IGHV3-53,None,None,None,False,None,None,None,57,7,clonotype43,None
CCCATACCACCCATGG-1,True,CCCATACCACCCATGG-1_contig_1,True,659,IGK,IGKV3-20,None,IGKJ4,IGKC,True,True,CQHYGTSPLTF,TGTCAGCACTATGGTACCTCACCTCTCACCTTC,621,62,clonotype44,clonotype44_consensus_1
CCCTCCTTCAACACGT-1,True,CCCTCCTTCAACACGT-1_contig_1,True,602,IGH,IGHV2-5,IGHD4-17,IGHJ4,IGHA1,True,True,CAHRPLLNGDPFDYW,TGTGCACACCGACCTCTCCTCAACGGTGACCCTTTTGACTACTGG,1590,168,clonotype45,clonotype45_consensus_2
CCCTCCTTCAACACGT-1,True,CCCTCCTTCAACACGT-1_contig_2,True,641,IGL,IGLV3-21,None,IGLJ2,IGLC2,True,True,CQVWDSGSDHQDVVF,TGTCAGGTGTGGGATAGTGGTAGTGATCATCAGGATGTGGTGTTC,847,100,clonotype45,clonotype45_consensus_1
CCCTCCTTCGGTCTAA-1,True,CCCTCCTTCGGTCTAA-1_contig_1,True,556,IGK,IGKV1-6,None,IGKJ4,IGKC,True,True,CLQDYSYPLTF,TGTCTACAAGATTACAGTTACCCCCTCACTTTC,3000,304,clonotype46,clonotype46_consensus_2
CCCTCCTTCGGTCTAA-1,True,CCCTCCTTCGGTCTAA-1_contig_2,True,670,IGH,IGHV3-33,IGHD6-19,IGHJ4,IGHG1,True,True,CARDFSGPEYW,TGTGCGAGAGACTTCAGTGGCCCTGAATACTGG,673,89,clonotype46,clonotype46_consensus_1
CCGTGGATCAACCAAC-1,True,CCGTGGATCAACCAAC-1_contig_1,True,680,IGH,IGHV4-34,IGHD3-10,IGHJ4,IGHG1,True,True,CARGRTRRLSSASYYTRSYFDYW,TGTGCGAGAGGCCGAACCAGGAGACTTAGTTCAGCGAGTTATTATACCCGGTCCTACTTTGACTACTGG,1629,200,clonotype47,clonotype47_consensus_2
CCGTGGATCAACCAAC-1,True,CCGTGGATCAACCAAC-1_contig_2,True,679,IGH,IGHV3-74,IGHD2-21,IGHJ6,IGHG1,True,True,CARVKVTPYYYYYGMDVW,TGTGCAAGAGTGAAGGTGACTCCCTACTACTACTACTACGGTATGGACGTCTGG,593,74,clonotype47,clonotype47_consensus_1
CCGTGGATCAACCAAC-1,True,CCGTGGATCAACCAAC-1_contig_3,True,565,IGK,IGKV3-20,None,IGKJ2,IGKC,True,True,CQQYGSSPQTF,TGTCAGCAGTACGGAAGCTCACCTCAAACTTTT,1159,150,clonotype47,clonotype47_consensus_3
CCGTGGATCAACCAAC-1,True,CCGTGGATCAACCAAC-1_contig_4,True,553,IGK,IGKV1-12,None,IGKJ1,IGKC,True,True,CQQTNSFPPTF,TGTCAGCAGACGAACAGTTTCCCTCCTACGTTC,606,84,clonotype47,clonotype47_consensus_4
CCTAGCTTCCTAGAAC-1,True,CCTAGCTTCCTAGAAC-1_contig_1,True,435,IGH,IGHV1-2,None,None,None,False,None,None,None,26,3,None,None
CCTATTATCAACCATG-1,True,CCTATTATCAACCATG-1_contig_1,True,712,IGH,IGHV1-69-2,IGHD3-22,IGHJ1,IGHA1,True,True,CARGRDAPYLYDDSDESGYYQEYW,TGTGCGAGAGGAAGAGATGCCCCCTATTTGTATGATGATAGTGATGAGAGTGGTTATTACCAGGAATACTGG,4135,465,clonotype48,clonotype48_consensus_1
CCTATTATCAACCATG-1,True,CCTATTATCAACCATG-1_contig_2,True,577,IGK,IGKV3-15,None,IGKJ1,IGKC,True,True,CQQYHNWPRTF,TGTCAGCAGTATCATAACTGGCCTAGAACGTTC,3742,430,clonotype48,clonotype48_consensus_2
CCTTCGATCCATGAAC-1,True,CCTTCGATCCATGAAC-1_contig_1,True,656,IGL,IGLV2-14,None,IGLJ3,IGLC2,True,True,CSSYRSDNTRVF,TGCAGCTCATATAGAAGCGACAACACTCGGGTGTTC,17055,1976,clonotype49,clonotype49_consensus_2
CCTTCGATCCATGAAC-1,True,CCTTCGATCCATGAAC-1_contig_2,False,640,IGL,IGLV3-19,None,IGLJ2,IGLC2,True,True,CISRDSNYYHLVF,TGTATCTCCCGGGACAGCAATTATTACCATCTGGTCTTC,3046,389,clonotype49,None
CCTTCGATCCATGAAC-1,True,CCTTCGATCCATGAAC-1_contig_3,True,716,IGH,IGHV4-4,IGHD3-3,IGHJ4,IGHG1,True,True,CARGGWITPGGDRRLDFDSW,TGTGCGAGAGGAGGTTGGATTACACCGGGGGGGGACCGCAGGCTGGACTTTGACTCCTGG,2826,334,clonotype49,clonotype49_consensus_1
CCTTCGATCCATGAAC-1,True,CCTTCGATCCATGAAC-1_contig_4,False,735,IGH,IGHV1-2,IGHD1-14,IGHJ4,IGHG1,True,True,CARGTASNPWDPTFHFW,TGTGCGAGAGGCACCGCGTCGAACCCCTGGGACCCTACCTTTCACTTCTGG,355,43,clonotype49,None
CGAACATTCGTTGACA-1,True,CGAACATTCGTTGACA-1_contig_1,True,667,IGK,IGKV3-11,None,IGKJ1,IGKC,True,True,CQQRFLWRTF,TGTCAACAACGTTTCCTCTGGCGAACGTTC,46734,4798,clonotype50,clonotype50_consensus_2
CGAACATTCGTTGACA-1,True,CGAACATTCGTTGACA-1_contig_2,True,767,IGH,IGHV5-51,IGHD3-10,IGHJ4,IGHG2,True,True,CARGPFYSGSGSYWRGDFDYW,TGTGCGAGGGGGCCGTTTTACTCTGGTTCAGGGAGTTATTGGCGGGGGGACTTTGACTACTGG,13489,1446,clonotype50,clonotype50_consensus_1
CGAACATTCGTTGACA-1,True,CGAACATTCGTTGACA-1_contig_3,False,680,IGK,IGKV1D-39,None,IGKJ4,IGKC,True,True,CQQSYDTPFTF,TGTCAACAGAGTTATGATACCCCCTTCACCTTC,2173,267,clonotype50,None
CGAACATTCGTTGACA-1,True,CGAACATTCGTTGACA-1_contig_4,False,672,IGH,IGHV4-39,IGHD2-2,IGHJ6,IGHG2,True,True,CAKYVGYCTSSSCLDYYYYGMDVW,TGTGCGAAATATGTTGGATATTGTACGAGTTCCAGTTGCCTCGATTACTACTACTACGGAATGGACGTCTGG,890,104,clonotype50,None
CGACCTTTCTGTGCAA-1,True,CGACCTTTCTGTGCAA-1_contig_1,True,573,IGK,IGKV3-15,None,IGKJ2,IGKC,True,True,CQQYDKWPFTF,TGTCAGCAATATGATAAGTGGCCGTTCACTTTT,5405,538,clonotype51,clonotype51_consensus_1
CGACCTTTCTGTGCAA-1,True,CGACCTTTCTGTGCAA-1_contig_2,True,678,IGH,IGHV1-69-2,IGHD5-24,IGHJ6,IGHG1,True,True,CASREETNGYSYFYYYMDVW,TGTGCGAGTCGAGAAGAGACTAATGGCTACAGTTATTTCTACTACTACATGGACGTCTGG,675,74,clonotype51,clonotype51_consensus_2
CGAGAAGGTCTAAACC-1,True,CGAGAAGGTCTAAACC-1_contig_1,True,297,Multi,IGKV3-20,None,None,IGHA1,False,None,None,None,12,1,None,None
CGATTGAGTGAAAGAG-1,True,CGATTGAGTGAAAGAG-1_contig_1,True,779,IGL,IGLV1-40,None,IGLJ3,IGLC2,True,True,CGNSLSGWVF,TGTGGCAACAGCCTGAGTGGTTGGGTGTTC,23780,2569,clonotype52,clonotype52_consensus_2
CGATTGAGTGAAAGAG-1,True,CGATTGAGTGAAAGAG-1_contig_2,True,738,IGH,IGHV3-23,IGHD6-6,IGHJ6,IGHG2,True,True,CAKMKGISRQNYAMDVW,TGTGCGAAAATGAAGGGCATCAGTCGTCAAAACTACGCTATGGACGTCTGG,8441,873,clonotype52,clonotype52_consensus_1
CGCCAAGTCAACCATG-1,True,CGCCAAGTCAACCATG-1_contig_1,True,399,IGH,IGHV3-15,IGHD3-10,IGHJ6,IGHG1,False,None,CTTDERYYGSGSYYDRGYYYYGLDVW,TGTACCACAGATGAGCGTTACTATGGTTCGGGGAGTTATTATGACAGGGGCTACTACTACTACGGTTTGGACGTCTGG,24,2,clonotype53,None
CGCCAAGTCAACCATG-1,True,CGCCAAGTCAACCATG-1_contig_2,True,562,IGK,IGKV2D-28,None,IGKJ2,IGKC,True,True,CMQALQTPYTF,TGCATGCAAGCTCTACAAACCCCGTACACTTTT,94,9,clonotype53,clonotype53_consensus_1
CGCTGGAAGTAGGCCA-1,True,CGCTGGAAGTAGGCCA-1_contig_1,True,415,IGH,IGHV1-18,None,None,None,False,None,None,None,49,6,clonotype54,None
CGCTGGAAGTAGGCCA-1,True,CGCTGGAAGTAGGCCA-1_contig_2,True,560,IGK,IGKV3-15,None,IGKJ1,IGKC,True,True,CQQFSVWPPTWTF,TGTCAGCAGTTTAGTGTGTGGCCTCCGACGTGGACGTTC,139,15,clonotype54,clonotype54_consensus_1
CGGACACGTCCTCCAT-1,True,CGGACACGTCCTCCAT-1_contig_1,True,748,IGL,IGLV3-1,None,IGLJ2,IGLC2,True,True,CQAWYSGSVFF,TGTCAGGCGTGGTACAGTGGCTCTGTGTTTTTC,4753,634,clonotype55,clonotype55_consensus_2
CGGACACGTCCTCCAT-1,True,CGGACACGTCCTCCAT-1_contig_2,True,766,IGH,IGHV1-69-2,IGHD3-10,IGHJ4,IGHG4,True,True,CAREREFIGERGTVRQFDNW,TGTGCGAGAGAGAGGGAGTTTATAGGAGAACGTGGCACCGTCCGGCAATTCGACAACTGG,7645,881,clonotype55,clonotype55_consensus_1
CGGACGTTCAGCAACT-1,True,CGGACGTTCAGCAACT-1_contig_1,False,253,IGL,IGLV3-19,None,None,None,False,None,None,None,10,1,clonotype56,None
CGGACGTTCAGCAACT-1,True,CGGACGTTCAGCAACT-1_contig_2,True,666,IGH,IGHV3-15,None,IGHJ4,IGHG1,True,True,CSTDLEYW,TGTTCCACAGATCTTGAATATTGG,411,49,clonotype56,clonotype56_consensus_2
CGGACGTTCAGCAACT-1,True,CGGACGTTCAGCAACT-1_contig_3,True,634,IGL,IGLV4-69,None,IGLJ3,IGLC3,True,True,CQTWDTGSLF,TGTCAGACCTGGGACACTGGGTCCCTGTTC,466,56,clonotype56,clonotype56_consensus_1
CGGACTGGTATAAACG-1,True,CGGACTGGTATAAACG-1_contig_1,True,555,IGK,IGKV1D-39,None,IGKJ1,IGKC,True,True,CQQSYSDVLWTF,TGTCAACAGAGTTACAGTGACGTCCTGTGGACGTTC,258,26,clonotype57,clonotype57_consensus_1
CGGACTGGTATAAACG-1,True,CGGACTGGTATAAACG-1_contig_2,True,503,IGH,IGHV4-61,IGHD3-9,IGHJ5,IGHA1,True,True,CVRAGFLTLDPW,TGTGTGAGAGCAGGATTTCTGACTTTGGACCCCTGG,192,21,clonotype57,clonotype57_consensus_2
CGGGTCATCAGTCAGT-1,True,CGGGTCATCAGTCAGT-1_contig_1,True,693,IGH,IGHV4-59,IGHD4-17,IGHJ6,IGHG2,True,True,CAKGGDYGDSVILNPGRYGLDVW,TGTGCGAAGGGGGGGGACTACGGAGACTCCGTGATTCTTAATCCAGGGCGATACGGTTTGGACGTCTGG,961,134,clonotype58,clonotype58_consensus_2
CGGGTCATCAGTCAGT-1,True,CGGGTCATCAGTCAGT-1_contig_2,False,495,IGH,IGHV4-34,None,IGHJ4,IGHG2,False,None,None,None,161,26,clonotype58,None
CGGGTCATCAGTCAGT-1,True,CGGGTCATCAGTCAGT-1_contig_3,True,718,IGL,IGLV3-1,None,IGLJ1,IGLC1,True,True,CQAWDSSALYVF,TGTCAGGCGTGGGACAGTAGCGCCCTTTATGTCTTC,8608,826,clonotype58,clonotype58_consensus_1
CGGGTCATCAGTCAGT-1,True,CGGGTCATCAGTCAGT-1_contig_4,False,651,IGL,IGLV3-1,None,IGLJ1,IGLC1,True,True,CQAWNSSTECYVF,TGTCAGGCGTGGAACAGTAGCACTGAATGTTATGTCTTC,283,31,clonotype58,None
CGGTTAACACGAGAGT-1,True,CGGTTAACACGAGAGT-1_contig_1,True,521,IGL,IGLV3-25,None,IGLJ2,IGLC2,True,True,CQSGDSSGSFHLKF,TGTCAATCGGGAGACAGCAGTGGTTCCTTCCATCTCAAATTC,130,17,clonotype59,clonotype59_consensus_1
CGTCCATGTTACGCGC-1,True,CGTCCATGTTACGCGC-1_contig_1,True,565,IGK,IGKV2D-28,None,IGKJ4,IGKC,True,True,CMQALQTITF,TGCATGCAAGCTCTACAAACTATCACTTTC,1810,178,clonotype60,clonotype60_consensus_2
CGTCCATGTTACGCGC-1,True,CGTCCATGTTACGCGC-1_contig_2,True,698,IGH,IGHV3-23,IGHD6-19,IGHJ5,IGHG1,True,True,CARHRRITVAGKGVFNCFDPW,TGTGCGAGACACAGACGTATAACAGTGGCTGGCAAAGGGGTCTTCAACTGTTTCGACCCCTGG,251,31,clonotype60,clonotype60_consensus_1
CGTGTAATCCTTGGTC-1,True,CGTGTAATCCTTGGTC-1_contig_1,True,573,IGK,IGKV3-15,None,IGKJ1,IGKC,True,True,CHQYDYWPVGTF,TGTCATCAGTATGACTACTGGCCTGTCGGCACGTTC,297,33,clonotype61,clonotype61_consensus_1
CGTGTAATCCTTGGTC-1,True,CGTGTAATCCTTGGTC-1_contig_2,True,359,IGH,IGHV3-15,None,None,None,False,None,None,None,24,3,clonotype61,None
CGTTGGGCACCATGTA-1,True,CGTTGGGCACCATGTA-1_contig_1,True,577,IGK,IGKV2D-28,None,IGKJ3,IGKC,True,True,CMQSLQTPTF,TGCATGCAATCTCTACAAACTCCCACTTTC,198,22,clonotype6,clonotype6_consensus_1
CGTTGGGCACCATGTA-1,True,CGTTGGGCACCATGTA-1_contig_2,False,484,IGK,IGKV2D-28,None,IGKJ3,IGKC,True,True,CMQSLQTPTF,TGCATGCAATCTCTACAAACTCCCACTTTC,6,1,clonotype6,None
CTAAGACTCACGAAGG-1,True,CTAAGACTCACGAAGG-1_contig_1,True,574,IGK,IGKV1D-39,None,IGKJ3,IGKC,True,True,CQQSYSTPFTF,TGTCAACAGAGTTACAGTACCCCATTCACTTTC,903,91,clonotype7,clonotype7_consensus_1
CTAAGACTCACGAAGG-1,True,CTAAGACTCACGAAGG-1_contig_2,True,680,IGH,IGHV3-33,IGHD6-13,IGHJ4,IGHG1,True,True,CAREYSSSWYFFDYW,TGTGCGAGGGAATATAGCAGCAGCTGGTACTTCTTTGACTACTGG,199,23,clonotype7,clonotype7_consensus_2
CTACACCTCAAAGTAG-1,True,CTACACCTCAAAGTAG-1_contig_1,True,744,IGL,IGLV1-47,None,IGLJ1,IGLC1,True,True,CAAWDDSLRGVF,TGTGCAGCATGGGATGACAGCCTGAGAGGAGTCTTC,13682,1577,clonotype62,clonotype62_consensus_1
CTACACCTCAAAGTAG-1,True,CTACACCTCAAAGTAG-1_contig_2,False,670,IGL,IGLV1-47,None,IGLJ3,IGLC3,True,True,CATWDDSLSVWVF,TGTGCAACATGGGATGACAGCCTGAGTGTTTGGGTGTTC,252,44,clonotype62,None
CTACACCTCAAAGTAG-1,True,CTACACCTCAAAGTAG-1_contig_3,False,667,IGL,IGLV1-47,None,IGLJ1,IGLC1,True,True,CAAWDDSLRGVF,TGTGCAGCATGGGATGACAGCCTGAGAGGAGTCTTC,267,51,clonotype62,None
CTACACCTCAAAGTAG-1,True,CTACACCTCAAAGTAG-1_contig_4,True,684,IGH,IGHV1-24,IGHD3OR15-3A,IGHJ4,IGHG2,True,False,CDRPPPAPYFDFWTGWPHW,TGCGACAGACCCCCCCCCGCCCCATACTTCGATTTTTGGACCGGTTGGCCACACTGG,4495,536,clonotype62,None
CTACACCTCAAAGTAG-1,True,CTACACCTCAAAGTAG-1_contig_5,True,677,IGH,IGHV3-33,IGHD3-9,IGHJ4,IGHG2,True,True,CGLTNHW,TGTGGCTTGACCAACCACTGG,3225,364,clonotype62,clonotype62_consensus_2
CTCCTAGCACGGTAGA-1,True,CTCCTAGCACGGTAGA-1_contig_1,True,592,IGK,IGKV2-30,None,IGKJ2,IGKC,True,True,CMQGTHWPYTF,TGCATGCAAGGTACACACTGGCCGTACACTTTT,3688,373,clonotype63,clonotype63_consensus_1
CTCCTAGCACGGTAGA-1,True,CTCCTAGCACGGTAGA-1_contig_2,True,701,IGH,IGHV3-33,IGHD6-19,IGHJ4,IGHG1,True,True,CARGGAKAGTDFDYW,TGTGCGAGAGGTGGGGCAAAGGCTGGTACGGACTTTGACTACTGG,879,95,clonotype63,clonotype63_consensus_2
CTCCTAGGTTCAGACT-1,True,CTCCTAGGTTCAGACT-1_contig_1,True,695,IGH,IGHV5-51,IGHD3-10,IGHJ6,IGHG1,True,True,CVREGWEVQGKVLHYYMDVW,TGTGTCAGAGAGGGGTGGGAGGTTCAGGGAAAAGTCCTCCACTACTACATGGACGTCTGG,6224,776,clonotype64,clonotype64_consensus_3
CTCCTAGGTTCAGACT-1,True,CTCCTAGGTTCAGACT-1_contig_2,True,705,IGL,IGLV4-69,None,IGLJ3,IGLC3,True,True,CQTWDTGSLF,TGTCAGACCTGGGACACTGGGTCCCTGTTC,2177,287,clonotype64,clonotype64_consensus_1
CTCCTAGGTTCAGACT-1,True,CTCCTAGGTTCAGACT-1_contig_3,True,680,IGL,IGLV7-43,None,IGLJ3,IGLC3,True,True,CLLNYGGGVSGVF,TGCCTGCTCAATTATGGTGGTGGTGTGTCGGGGGTGTTC,1513,196,clonotype64,clonotype64_consensus_2
CTCCTAGGTTCAGACT-1,True,CTCCTAGGTTCAGACT-1_contig_4,False,696,IGH,IGHV3-15,None,IGHJ4,IGHG1,True,True,CTTDLEYW,TGTACCACAGATCTTGAATATTGG,922,113,clonotype64,None
CTCCTAGGTTCAGACT-1,True,CTCCTAGGTTCAGACT-1_contig_5,False,458,IGL,IGLV3-19,None,IGLJ1,IGLC3,False,None,None,None,162,24,clonotype64,None
CTCCTAGTCCCGACTT-1,True,CTCCTAGTCCCGACTT-1_contig_1,True,664,IGH,IGHV4-31,IGHD6-13,IGHJ1,IGHG3,True,True,CARYPVSSAGHTYSYLGLDVW,TGTGCGAGGTACCCTGTTTCATCAGCTGGTCACACCTACTCCTACCTCGGTCTGGACGTCTGG,266,31,clonotype65,clonotype65_consensus_2
CTCCTAGTCCCGACTT-1,True,CTCCTAGTCCCGACTT-1_contig_2,True,574,IGK,IGKV3-11,None,IGKJ3,IGKC,True,True,CQHRSNWPPGFTF,TGTCAGCATCGTAGCAACTGGCCTCCGGGATTCACTTTC,919,92,clonotype65,clonotype65_consensus_1
CTCGAAAAGCGCTCCA-1,True,CTCGAAAAGCGCTCCA-1_contig_1,True,427,IGH,IGHV3-23,None,None,None,False,None,None,None,36,4,None,None
CTCGAAAAGCGCTCCA-1,True,CTCGAAAAGCGCTCCA-1_contig_2,True,405,IGK,IGKV3-15,None,IGKJ2,None,False,None,None,None,98,11,None,None
CTCGGAGAGATGCCTT-1,True,CTCGGAGAGATGCCTT-1_contig_1,True,637,IGL,IGLV3-19,None,IGLJ2,IGLC2,True,True,CISRDSNYYHLVF,TGTATCTCCCGGGACAGCAATTATTACCATCTGGTCTTC,590,76,clonotype2,clonotype2_consensus_2
CTCGGAGAGATGCCTT-1,True,CTCGGAGAGATGCCTT-1_contig_2,True,678,IGH,IGHV1-2,IGHD1-14,IGHJ4,IGHG1,True,True,CARGTASNPWDPTFHFW,TGTGCGAGAGGCACCGCGTCGAACCCCTGGGACCCTACCTTTCACTTCTGG,1214,136,clonotype2,clonotype2_consensus_1
CTCTAATCATCACAAC-1,True,CTCTAATCATCACAAC-1_contig_1,True,662,IGK,IGKV1-27,None,IGKJ3,IGKC,True,True,CQKYNSAPFTF,TGTCAAAAGTATAACAGTGCCCCATTCACTTTC,7371,779,clonotype66,clonotype66_consensus_1
CTCTAATCATCACAAC-1,True,CTCTAATCATCACAAC-1_contig_2,True,673,IGH,IGHV5-51,IGHD2-15,IGHJ4,IGHG2,True,True,CTRGGGSWWPQDYW,TGTACGAGAGGGGGTGGTAGTTGGTGGCCCCAAGACTACTGG,2808,288,clonotype66,clonotype66_consensus_2
CTCTACGCACAGCGTC-1,True,CTCTACGCACAGCGTC-1_contig_1,True,628,IGL,IGLV3-1,None,IGLJ2,IGLC2,True,True,CQTWDSGTVVF,TGTCAGACGTGGGACAGCGGCACTGTGGTTTTC,4268,463,clonotype67,clonotype67_consensus_1
CTCTACGCACAGCGTC-1,True,CTCTACGCACAGCGTC-1_contig_2,True,739,IGH,IGHV3-23,IGHD3-22,IGHJ6,IGHG1,True,True,CAKDLVAEGSYYDRSGYFPLGMDVW,TGTGCGAAAGACCTCGTGGCAGAGGGGAGTTACTATGATAGAAGTGGTTATTTCCCCCTCGGAATGGACGTCTGG,1330,189,clonotype67,clonotype67_consensus_2
CTGATCCTCGCAAACT-1,True,CTGATCCTCGCAAACT-1_contig_1,True,594,IGK,IGKV4-1,None,IGKJ1,IGKC,True,True,CQQYYSTPPWTF,TGTCAGCAATATTATTCTACTCCTCCGTGGACGTTC,7107,725,clonotype68,clonotype68_consensus_1
CTGATCCTCGCAAACT-1,True,CTGATCCTCGCAAACT-1_contig_2,True,693,IGH,IGHV3-21,IGHD5-18,IGHJ6,IGHG1,True,True,CARISYGLDVW,TGTGCGAGAATATCCTATGGGTTGGACGTATGG,1983,268,clonotype68,clonotype68_consensus_2
CTGCGGAGTGTGCGTC-1,True,CTGCGGAGTGTGCGTC-1_contig_1,True,703,IGH,IGHV4-4,IGHD2-2,IGHJ5,IGHG1,True,True,CASGTAPAALGLPNW,TGTGCGAGCGGGACAGCACCAGCTGCTCTGGGACTACCCAACTGG,269,39,clonotype69,clonotype69_consensus_2
CTGCGGAGTGTGCGTC-1,True,CTGCGGAGTGTGCGTC-1_contig_2,True,663,IGL,IGLV1-40,None,IGLJ2,IGLC2,True,True,CQSLDSSLRGSGVF,TGCCAGTCCCTTGACAGTAGTCTGAGAGGTTCAGGGGTATTC,1884,193,clonotype69,clonotype69_consensus_1
CTGGTCTTCATTTGGG-1,True,CTGGTCTTCATTTGGG-1_contig_1,True,465,IGH,IGHV3-33,None,None,None,False,None,None,None,82,12,clonotype70,None
CTGGTCTTCATTTGGG-1,True,CTGGTCTTCATTTGGG-1_contig_2,True,653,IGL,IGLV3-25,None,IGLJ2,IGLC2,True,True,CQSGASSGSFHLKF,TGTCAATCGGGAGCCAGCAGTGGTTCCTTCCATCTCAAATTC,885,89,clonotype70,clonotype70_consensus_1
CTTACCGGTGTCTGAT-1,True,CTTACCGGTGTCTGAT-1_contig_1,True,267,IGK,IGKV3-20,None,None,None,False,None,None,None,28,3,None,None
CTTTGCGTCACATAGC-1,True,CTTTGCGTCACATAGC-1_contig_1,True,676,IGL,IGLV1-51,None,IGLJ1,IGLC1,False,None,CGTWDSRLGAYVF,TGCGGAACATGGGATAGCAGGCTGGGTGCTTATGTCTTC,5463,535,clonotype71,None
CTTTGCGTCACATAGC-1,True,CTTTGCGTCACATAGC-1_contig_2,True,682,IGH,IGHV3-33,IGHD3-22,IGHJ4,IGHA2,True,True,CAKNYRDNSRRYMRPRGGFDYW,TGTGCGAAAAATTACCGTGATAATTCTCGAAGATATATGCGCCCCAGGGGGGGTTTTGACTACTGG,982,98,clonotype71,clonotype71_consensus_1
GAAACTCCACCAGATT-1,True,GAAACTCCACCAGATT-1_contig_1,True,661,IGK,IGKV1-17,None,IGKJ4,IGKC,True,True,CLQHYTYPLSF,TGTCTGCAGCATTATACTTACCCTCTCAGTTTC,5173,536,clonotype72,clonotype72_consensus_1
GAAACTCCACCAGATT-1,True,GAAACTCCACCAGATT-1_contig_2,True,663,IGH,IGHV1-69-2,IGHD6-19,IGHJ5,IGHG2,True,True,CVYSKAEDGDWFDPW,TGTGTCTATAGTAAAGCAGAGGATGGAGATTGGTTCGACCCCTGG,1292,135,clonotype72,clonotype72_consensus_2
GAACCTAAGCAGACTG-1,True,GAACCTAAGCAGACTG-1_contig_1,True,739,IGL,IGLV3-25,None,IGLJ2,IGLC2,True,True,CQSGDSSGSFHLKF,TGTCAATCGGGAGACAGCAGTGGTTCCTTCCATCTCAAATTC,10062,1077,clonotype3,clonotype3_consensus_2
GAACCTAAGCAGACTG-1,True,GAACCTAAGCAGACTG-1_contig_2,True,701,IGH,IGHV3-33,IGHD1OR15-1A,IGHJ3,IGHG1,True,True,CARGGEQLLGAFDLW,TGTGCGAGGGGGGGAGAACAACTCCTTGGTGCTTTTGATTTGTGG,2241,242,clonotype3,clonotype3_consensus_1
GAATAAGCATTTGCTT-1,True,GAATAAGCATTTGCTT-1_contig_1,True,742,IGL,IGLV6-57,None,IGLJ2,IGLC2,True,True,CQSYDVTTLIF,TGTCAGTCTTATGATGTCACCACTCTCATATTC,7904,885,clonotype73,clonotype73_consensus_1
GAATAAGCATTTGCTT-1,True,GAATAAGCATTTGCTT-1_contig_2,True,690,IGH,IGHV3-15,IGHD3-9,IGHJ4,IGHA1,True,True,CTTDQTLGNYDFLTSYYVLDYW,TGTACCACAGATCAAACTCTTGGGAATTACGATTTTTTGACCAGTTATTATGTCTTAGACTATTGG,3860,397,clonotype73,clonotype73_consensus_2
GACGTGCCACTATCTT-1,True,GACGTGCCACTATCTT-1_contig_1,True,662,IGL,IGLV4-69,None,IGLJ3,IGLC3,True,True,CQTWDTGSLF,TGTCAGACCTGGGACACTGGGTCCCTGTTC,6949,816,clonotype1,clonotype1_consensus_1
GACGTGCCACTATCTT-1,True,GACGTGCCACTATCTT-1_contig_2,True,690,IGH,IGHV3-15,None,IGHJ4,IGHG1,True,True,CTTDLEYW,TGTACCACAGATCTTGAATATTGG,4950,631,clonotype1,clonotype1_consensus_2
GACGTGCGTAAACCTC-1,True,GACGTGCGTAAACCTC-1_contig_1,True,680,IGH,IGHV5-51,IGHD3-16,IGHJ6,IGHA1,True,True,CARHGGVGSAYAYKYYNYMDVW,TGTGCGAGACATGGGGGAGTCGGGAGTGCCTACGCTTATAAGTACTACAACTACATGGACGTCTGG,8519,1052,clonotype74,clonotype74_consensus_1
GACGTGCGTAAACCTC-1,True,GACGTGCGTAAACCTC-1_contig_2,True,751,IGH,IGHV4-61,IGHD4-17,IGHJ4,IGHG1,True,True,CARVDYGRNGRGFDHW,TGTGCGAGAGTCGACTACGGTAGAAATGGGAGGGGCTTTGACCACTGG,1627,231,clonotype74,clonotype74_consensus_4
GACGTGCGTAAACCTC-1,True,GACGTGCGTAAACCTC-1_contig_3,True,748,IGL,IGLV6-57,None,IGLJ3,IGLC3,True,True,CQSYDSGIPNWVF,TGTCAGTCTTATGATAGTGGCATCCCTAATTGGGTGTTC,5047,716,clonotype74,clonotype74_consensus_3
GACGTGCGTAAACCTC-1,True,GACGTGCGTAAACCTC-1_contig_4,True,655,IGL,IGLV3-25,None,IGLJ2,IGLC3,True,True,CQSADSSGTYVVF,TGTCAATCAGCAGACAGCAGTGGTACTTATGTGGTGTTC,3701,505,clonotype74,clonotype74_consensus_2
GACGTGCTCCTGTAGA-1,True,GACGTGCTCCTGTAGA-1_contig_1,True,657,IGH,IGHV1-69-2,IGHD6-13,IGHJ4,IGHG1,True,True,CARGRSTSWYRLDSW,TGTGCGAGAGGTCGCAGCACTTCTTGGTATCGCCTTGACTCCTGG,1565,193,clonotype75,clonotype75_consensus_1
GACGTGCTCCTGTAGA-1,True,GACGTGCTCCTGTAGA-1_contig_2,True,648,IGL,IGLV3-21,None,IGLJ2,IGLC2,True,True,CQVWDVDILF,TGTCAGGTGTGGGATGTTGACATACTCTTC,1972,237,clonotype75,clonotype75_consensus_2
GACGTTAGTTTGTGTG-1,True,GACGTTAGTTTGTGTG-1_contig_1,True,656,IGH,IGHV5-51,IGHD5-24,IGHJ4,IGHG1,True,True,CARPSATQFFDSW,TGTGCGAGACCATCTGCGACACAATTCTTTGACTCCTGG,3587,458,clonotype76,clonotype76_consensus_1
GACGTTAGTTTGTGTG-1,True,GACGTTAGTTTGTGTG-1_contig_2,True,661,IGK,IGKV1-5,None,IGKJ1,IGKC,True,True,CQQYSSYPCTF,TGCCAACAGTATAGCAGTTATCCGTGCACGTTC,9454,964,clonotype76,clonotype76_consensus_2
GACGTTATCGTCTGAA-1,True,GACGTTATCGTCTGAA-1_contig_1,True,277,IGH,IGHV3-30,None,None,None,False,None,None,None,15,1,None,None
GACTAACAGGCTCAGA-1,True,GACTAACAGGCTCAGA-1_contig_1,True,391,IGL,IGLV3-19,None,IGLJ2,IGLC2,False,None,CISRDSNYYHLVF,TGTATCTCCCGGGACAGCAATTATTACCATCTGGTCTTC,63,6,None,None
GACTAACGTCCGAATT-1,True,GACTAACGTCCGAATT-1_contig_1,True,679,IGK,IGKV6D-21,None,IGKJ2,IGKC,True,True,CHHRSSLSGTF,TGTCATCACAGAAGTAGTTTGTCGGGGACTTTT,7296,733,clonotype77,clonotype77_consensus_2
GACTAACGTCCGAATT-1,True,GACTAACGTCCGAATT-1_contig_2,True,705,IGH,IGHV3-11,IGHD4-17,IGHJ4,IGHG1,True,True,CAREDYGDYADYW,TGTGCGAGAGAGGACTACGGCGACTACGCTGACTACTGG,2002,267,clonotype77,clonotype77_consensus_1
GACTGCGAGATCGATA-1,True,GACTGCGAGATCGATA-1_contig_1,True,554,IGK,IGKV1D-39,None,IGKJ3,IGKC,True,True,CQQSYSTPFTF,TGTCAACAGAGTTACAGTACCCCATTCACTTTC,786,79,clonotype7,clonotype7_consensus_1
GACTGCGAGATCGATA-1,True,GACTGCGAGATCGATA-1_contig_2,True,680,IGH,IGHV3-33,IGHD6-13,IGHJ4,IGHG1,True,True,CAREYSSSWYFFDYW,TGTGCGAGGGAATATAGCAGCAGCTGGTACTTCTTTGACTACTGG,199,24,clonotype7,clonotype7_consensus_2
GAGCAGACAAGAAGAG-1,True,GAGCAGACAAGAAGAG-1_contig_1,True,590,IGK,IGKV1D-39,None,IGKJ1,IGKC,True,True,CQQSYSPPPTF,TGTCAACAGAGTTACAGTCCCCCTCCGACGTTC,522,52,clonotype78,clonotype78_consensus_2
GAGCAGACAAGAAGAG-1,True,GAGCAGACAAGAAGAG-1_contig_2,True,604,IGH,IGHV1-2,IGHD3-10,IGHJ4,IGHG1,True,True,CAREEMIRGVTPGFGDW,TGTGCGAGAGAAGAAATGATTCGGGGAGTTACTCCGGGATTTGGAGACTGG,136,18,clonotype78,clonotype78_consensus_1
GAGCAGAGTACACCGC-1,True,GAGCAGAGTACACCGC-1_contig_1,True,665,IGH,IGHV4-31,IGHD4-17,IGHJ5,IGHG1,True,True,CARESVGIGENWFDPW,TGTGCCAGGGAGTCGGTCGGTATCGGTGAAAATTGGTTCGACCCCTGG,462,64,clonotype79,clonotype79_consensus_1
GAGCAGAGTACACCGC-1,True,GAGCAGAGTACACCGC-1_contig_2,True,719,IGL,IGLV1-40,None,IGLJ2,IGLC2,True,True,CQSYDNRLNIIF,TGCCAGTCGTATGACAACCGCCTGAATATCATATTC,1637,178,clonotype79,clonotype79_consensus_2
GAGTCCGAGGAACTGC-1,True,GAGTCCGAGGAACTGC-1_contig_1,True,564,IGK,IGKV4-1,None,IGKJ2,IGKC,True,True,CQQYYSSPLF,TGTCAGCAGTATTATAGTTCTCCTCTTTTT,107,13,clonotype80,clonotype80_consensus_1
GATCAGTCACAAGCCC-1,True,GATCAGTCACAAGCCC-1_contig_1,True,287,IGL,IGLV3-1,None,IGLJ2,IGLC2,False,None,CQTWDSGTVVF,TGTCAGACGTGGGACAGCGGCACTGTGGTTTTC,21,2,None,None
GATCGCGCACCGATAT-1,True,GATCGCGCACCGATAT-1_contig_1,True,675,IGK,IGKV2D-28,None,IGKJ2,IGKC,True,True,CMQDLQAPYTF,TGCATGCAAGATCTGCAAGCTCCGTACACTTTT,9922,1037,clonotype81,clonotype81_consensus_1
GATCGCGCACCGATAT-1,True,GATCGCGCACCGATAT-1_contig_2,True,670,IGH,IGHV1-2,IGHD3-16,IGHJ5,IGHG1,True,True,CARDRYTKGFAPW,TGTGCGAGAGACCGATATACCAAGGGGTTCGCCCCCTGG,3193,322,clonotype81,clonotype81_consensus_2
GATCGTAAGTGCCATT-1,True,GATCGTAAGTGCCATT-1_contig_1,True,267,IGK,IGKV1D-39,None,None,None,False,None,None,None,21,2,None,None
GATGAAAGTGATGTGG-1,True,GATGAAAGTGATGTGG-1_contig_1,True,663,IGH,IGHV4-59,IGHD3-10,IGHJ4,IGHG1,True,True,CARETYYYGSGGHFFDNW,TGTGCGAGAGAGACGTATTACTATGGTTCGGGGGGACATTTCTTTGACAACTGG,853,118,clonotype82,clonotype82_consensus_1
GATGAAAGTGATGTGG-1,True,GATGAAAGTGATGTGG-1_contig_2,True,636,IGK,IGKV1-5,None,IGKJ1,IGKC,True,True,CQQYEAYSTF,TGCCAACAGTATGAGGCTTATTCGACGTTC,6786,646,clonotype82,clonotype82_consensus_2
GATGAGGAGCCCGAAA-1,True,GATGAGGAGCCCGAAA-1_contig_1,True,678,IGK,IGKV1-5,None,IGKJ2,IGKC,True,True,CQQYTGYSGTF,TGCCAACAGTATACTGGTTATTCGGGGACTTTT,29411,2920,clonotype83,clonotype83_consensus_2
GATGAGGAGCCCGAAA-1,True,GATGAGGAGCCCGAAA-1_contig_2,True,691,IGH,IGHV1-18,IGHD3-3,IGHJ6,IGHG1,True,True,CARVHAFWSGPDYYYYMDVW,TGTGCGAGAGTTCACGCTTTTTGGAGTGGTCCGGACTACTACTACTACATGGACGTCTGG,6343,655,clonotype83,clonotype83_consensus_1
GATGAGGCAGTAGAGC-1,True,GATGAGGCAGTAGAGC-1_contig_1,True,342,IGH,IGHV3-7,None,None,None,False,None,None,None,29,3,None,None
GATTCAGCAGAGCCAA-1,True,GATTCAGCAGAGCCAA-1_contig_1,True,305,IGH,IGHV3-15,None,None,None,False,None,None,None,20,2,None,None
GCAATCAGTCTTGCGG-1,True,GCAATCAGTCTTGCGG-1_contig_1,True,258,IGK,IGKV2D-28,None,None,None,False,None,None,None,21,2,None,None
GCAATCATCGTACGGC-1,True,GCAATCATCGTACGGC-1_contig_1,True,610,IGK,IGKV1-12,None,IGKJ4,IGKC,True,True,CQQADRLPLTF,TGTCAACAGGCTGACAGATTGCCTCTCACTTTC,21841,2113,clonotype84,clonotype84_consensus_1
GCAATCATCGTACGGC-1,True,GCAATCATCGTACGGC-1_contig_2,True,687,IGH,IGHV3-64,IGHD3-10,IGHJ4,IGHG2,True,True,CVKDLSYDSGSYFDYW,TGTGTGAAAGATTTGTCTTATGACTCGGGGAGTTATTTTGACTACTGG,3494,366,clonotype84,clonotype84_consensus_2
GCATACAAGGTCGGAT-1,True,GCATACAAGGTCGGAT-1_contig_1,True,649,IGL,IGLV7-43,None,IGLJ3,IGLC3,True,True,CLLYYGGSQPKWVF,TGCCTGCTCTACTATGGTGGTTCTCAGCCTAAATGGGTGTTC,328,35,clonotype85,clonotype85_consensus_1
GCATACAAGGTCGGAT-1,True,GCATACAAGGTCGGAT-1_contig_2,True,651,IGH,IGHV3-33,IGHD6-6,IGHJ4,IGHA1,True,True,CARGIGQLDFDYW,TGTGCGAGAGGTATCGGGCAGCTCGACTTTGACTACTGG,397,38,clonotype85,clonotype85_consensus_2
GCCTCTAAGCGATAGC-1,True,GCCTCTAAGCGATAGC-1_contig_1,True,684,IGK,IGKV2D-28,None,IGKJ3,IGKC,True,True,CMQARQTPFTF,TGCATGCAAGCTCGACAAACTCCGTTCACTTTC,21182,2101,clonotype86,clonotype86_consensus_2
GCCTCTAAGCGATAGC-1,True,GCCTCTAAGCGATAGC-1_contig_2,True,655,IGH,IGHV1-24,IGHD3-16,IGHJ4,IGHG1,True,True,CATLRHTSLDSW,TGTGCTACTCTGCGTCATACTTCCCTTGACTCCTGG,3776,399,clonotype86,clonotype86_consensus_1
GCGACCACAGGGTTAG-1,True,GCGACCACAGGGTTAG-1_contig_1,True,562,IGK,IGKV3-20,None,IGKJ1,IGKC,True,True,CQQYDNSPTWTF,TGTCAGCAATATGATAACTCACCCACGTGGACCTTC,786,83,clonotype87,clonotype87_consensus_1
GCGCAACCAAGGTGTG-1,True,GCGCAACCAAGGTGTG-1_contig_1,True,350,IGK,IGKV3-11,None,None,None,False,None,None,None,47,5,None,None
GCGCCAAAGTGGTAGC-1,True,GCGCCAAAGTGGTAGC-1_contig_1,True,674,IGH,IGHV3-23,IGHD3-3,IGHJ3,IGHA1,True,True,CARDYDFWSGYPFDALDIW,TGTGCGAGAGATTACGATTTTTGGAGTGGTTATCCATTTGATGCACTTGATATCTGG,369,39,clonotype88,clonotype88_consensus_1
GCGCCAATCACAGGCC-1,True,GCGCCAATCACAGGCC-1_contig_1,True,668,IGH,IGHV3-15,None,IGHJ4,IGHG1,True,True,CTTDLEYW,TGTACCACAGATCTTGAATATTGG,1225,154,clonotype1,clonotype1_consensus_2
GCGCCAATCACAGGCC-1,True,GCGCCAATCACAGGCC-1_contig_2,True,671,IGL,IGLV4-69,None,IGLJ3,IGLC3,True,True,CQTWDTGSLF,TGTCAGACCTGGGACACTGGGTCCCTGTTC,2408,268,clonotype1,clonotype1_consensus_1
GCGCCAATCACAGGCC-1,True,GCGCCAATCACAGGCC-1_contig_3,False,424,IGL,IGLV3-19,None,IGLJ1,IGLC3,False,None,None,None,127,18,clonotype1,None
GCTCTGTGTCTTCTCG-1,True,GCTCTGTGTCTTCTCG-1_contig_1,True,564,IGK,IGKV2D-28,None,IGKJ1,IGKC,True,True,CMQAVPPRTF,TGCATGCAAGCGGTCCCCCCCCGAACGTTC,51,5,clonotype89,clonotype89_consensus_1
GCTGCAGGTCGCATAT-1,True,GCTGCAGGTCGCATAT-1_contig_1,True,279,IGH,IGHV1-2,None,None,None,False,None,None,None,28,3,None,None
GCTGCGAGTTTAGCTG-1,True,GCTGCGAGTTTAGCTG-1_contig_1,True,672,IGK,IGKV1-6,None,IGKJ4,IGKC,True,True,CLQEYSYPLTF,TGTCTACAAGAATACAGTTATCCCCTCACTTTC,23098,2196,clonotype90,clonotype90_consensus_1
GCTGCGAGTTTAGCTG-1,True,GCTGCGAGTTTAGCTG-1_contig_2,True,682,IGH,IGHV3-33,IGHD6-19,IGHJ4,IGHG1,True,True,CARDFSGPEYW,TGCGCGAGAGACTTCAGTGGCCCTGAATACTGG,4353,609,clonotype90,clonotype90_consensus_2
GCTGCTTTCTTATCTG-1,True,GCTGCTTTCTTATCTG-1_contig_1,True,655,IGH,IGHV3-33,IGHD6-6,IGHJ4,IGHA1,True,True,CARLRDSSPRNDYW,TGTGCGAGACTTCGAGACAGCTCGCCTCGAAATGACTACTGG,76,8,clonotype91,clonotype91_consensus_1
GCTTGAAAGGACAGCT-1,True,GCTTGAAAGGACAGCT-1_contig_1,True,278,IGK,IGKV3-15,None,None,None,False,None,None,None,19,2,None,None
GCTTGAACAATCTACG-1,True,GCTTGAACAATCTACG-1_contig_1,True,677,IGK,IGKV1-8,None,IGKJ2,IGKC,True,True,CQQYYSFPYTF,TGTCAACAGTATTATAGTTTCCCGTACACTTTT,20086,1973,clonotype92,clonotype92_consensus_2
GCTTGAACAATCTACG-1,True,GCTTGAACAATCTACG-1_contig_2,False,660,IGK,IGKV1-8,None,IGKJ2,IGKC,True,True,CQQYYSFPYTF,TGTCAACAGTATTATAGTTTCCCGTACACTTTT,1006,110,clonotype92,None
GCTTGAACAATCTACG-1,True,GCTTGAACAATCTACG-1_contig_3,True,698,IGH,IGHV3-33,IGHD7-27,IGHJ4,IGHG3,True,True,CARAISRLLNSGIDYW,TGTGCGAGAGCCATCTCGCGCTTGTTAAACTCGGGAATTGACTACTGG,2229,243,clonotype92,clonotype92_consensus_1
GGAAAGCCACACGCTG-1,True,GGAAAGCCACACGCTG-1_contig_1,True,652,IGL,IGLV1-51,None,IGLJ2,IGLC2,True,True,CAAWDSSLTAVVF,TGCGCAGCATGGGATAGTAGTCTGACTGCTGTGGTTTTC,84,9,clonotype93,clonotype93_consensus_1
GGAATAAAGCTAGGCA-1,True,GGAATAAAGCTAGGCA-1_contig_1,True,694,IGK,IGKV4-1,None,IGKJ1,IGKC,True,True,CQQYYSTPWTF,TGTCAGCAATATTACAGTACTCCGTGGACGTTC,19630,1959,clonotype94,clonotype94_consensus_1
GGAATAAAGCTAGGCA-1,True,GGAATAAAGCTAGGCA-1_contig_2,True,737,IGH,IGHV7-81,IGHD1-7,IGHJ4,IGHG1,True,True,CARDSRVGITLTGTKHW,TGTGCGAGAGACTCCCGCGTGGGCATAACTCTGACTGGGACTAAACACTGG,4670,474,clonotype94,clonotype94_consensus_2
GGACAAGCATGGATGG-1,True,GGACAAGCATGGATGG-1_contig_1,True,667,IGH,IGHV5-51,IGHD1-26,IGHJ3,IGHG2,True,True,CARSPSFLGGGPSFNLW,TGTGCGAGATCGCCATCGTTCCTGGGAGGAGGGCCTTCTTTTAATTTGTGG,1169,144,clonotype95,clonotype95_consensus_1
GGACAAGCATGGATGG-1,True,GGACAAGCATGGATGG-1_contig_2,True,667,IGK,IGKV3-11,None,IGKJ4,IGKC,True,True,CHQRDNSLTF,TGTCACCAACGTGACAACTCGCTCACTTTC,1934,216,clonotype95,clonotype95_consensus_2
GGAGCAACACGTGAGA-1,True,GGAGCAACACGTGAGA-1_contig_1,True,310,IGK,IGKV1-5,None,None,None,False,None,None,None,18,2,None,None
GGCTCGAAGTTAACGA-1,True,GGCTCGAAGTTAACGA-1_contig_1,True,251,IGH,IGHV3-15,None,None,None,False,None,None,None,18,2,None,None
GGCTCGATCACATACG-1,True,GGCTCGATCACATACG-1_contig_1,True,571,IGK,IGKV1-17,None,IGKJ1,IGKC,True,True,CLQYYRYPRTF,TGTCTACAGTATTATCGTTACCCTCGGACGTTC,7375,710,clonotype96,clonotype96_consensus_1
GGCTCGATCACATACG-1,True,GGCTCGATCACATACG-1_contig_2,True,704,IGH,IGHV3-49,IGHD2-2,IGHJ3,IGHG1,True,True,CFRDVGGVVFPAAKEGVDVW,TGTTTCAGAGATGTGGGTGGGGTAGTTTTTCCAGCTGCTAAAGAAGGTGTTGATGTGTGG,1094,147,clonotype96,clonotype96_consensus_2
GGGACCTAGTATCGAA-1,True,GGGACCTAGTATCGAA-1_contig_1,True,552,IGK,IGKV1D-39,None,IGKJ1,IGKC,True,True,CHQTYTTPRTF,TGTCACCAGACTTACACAACTCCTCGGACGTTC,728,73,clonotype97,clonotype97_consensus_1
GGGACCTAGTATCGAA-1,True,GGGACCTAGTATCGAA-1_contig_2,True,495,IGH,IGHV4-31,IGHD3-10,IGHJ6,None,False,None,None,None,136,18,clonotype97,None
GGGCACTAGACGCTTT-1,True,GGGCACTAGACGCTTT-1_contig_1,True,726,IGH,IGHV2-26,IGHD3-10,IGHJ6,IGHG1,True,True,CARMRGDYASGFDHRYYYFMDVW,TGTGCACGGATGCGGGGGGACTATGCTTCAGGCTTCGATCACCGCTACTACTACTTCATGGACGTCTGG,12608,1675,clonotype98,clonotype98_consensus_1
GGGCACTAGACGCTTT-1,True,GGGCACTAGACGCTTT-1_contig_2,True,671,IGK,IGKV1D-39,None,IGKJ1,IGKC,True,True,CQQTHTTPWTF,TGTCAACAGACTCACACTACCCCCTGGACGTTC,37456,3648,clonotype98,clonotype98_consensus_2
GGGCATCTCTTGCATT-1,True,GGGCATCTCTTGCATT-1_contig_1,True,673,IGH,IGHV1-18,IGHD6-25,IGHJ6,IGHG3,True,True,CARYVLSGYDPLYHFYMDVW,TGTGCGAGATATGTCCTCAGCGGCTACGATCCCCTCTATCATTTCTATATGGATGTCTGG,4174,524,clonotype99,clonotype99_consensus_4
GGGCATCTCTTGCATT-1,True,GGGCATCTCTTGCATT-1_contig_2,True,747,IGL,IGLV1-47,None,IGLJ2,IGLC2,True,True,CASWDDTLRGHWVF,TGCGCATCTTGGGATGACACCCTGCGTGGACACTGGGTATTC,2609,344,clonotype99,clonotype99_consensus_1
GGGCATCTCTTGCATT-1,True,GGGCATCTCTTGCATT-1_contig_3,True,747,IGL,IGLV3-1,None,IGLJ1,IGLC2,True,True,CQAWDRSTYVF,TGTCAGGCGTGGGACAGAAGCACTTATGTCTTC,1787,219,clonotype99,clonotype99_consensus_3
GGGCATCTCTTGCATT-1,True,GGGCATCTCTTGCATT-1_contig_4,True,699,IGH,IGHV3-15,IGHD3-3,IGHJ3,IGHG3,True,True,CSTHGASVDGEADVFDVW,TGCTCCACACATGGGGCGTCCGTTGATGGAGAGGCTGATGTTTTTGATGTATGG,1145,131,clonotype99,clonotype99_consensus_2
GGTATTGGTGAACCTT-1,True,GGTATTGGTGAACCTT-1_contig_1,True,373,IGK,IGKV2D-28,None,None,None,False,None,None,None,109,12,None,None
GGTATTGGTGAACCTT-1,True,GGTATTGGTGAACCTT-1_contig_2,True,308,IGH,IGHV2-5,None,None,None,False,None,None,None,78,9,None,None
GGTGAAGAGTACACCT-1,True,GGTGAAGAGTACACCT-1_contig_1,True,556,IGK,IGKV1D-39,None,IGKJ1,IGKC,True,True,CQQSFNTLWTF,TGTCAACAGAGTTTCAATACCCTGTGGACATTC,632,60,clonotype100,clonotype100_consensus_1
GGTGAAGTCCTGTACC-1,True,GGTGAAGTCCTGTACC-1_contig_1,True,296,IGL,IGLV1-51,None,None,None,False,None,None,None,24,3,None,None
GGTGTTAAGCGATATA-1,True,GGTGTTAAGCGATATA-1_contig_1,True,667,IGK,IGKV1-33,None,IGKJ1,IGKC,True,True,CQQHGGLPWTF,TGTCAACAACATGGTGGTCTCCCGTGGACGTTC,4679,471,clonotype101,clonotype101_consensus_1
GGTGTTAAGCGATATA-1,True,GGTGTTAAGCGATATA-1_contig_2,True,670,Multi,IGLV7-43,None,None,IGHG1,False,None,None,None,869,87,clonotype101,None
GGTGTTATCTCCAGGG-1,True,GGTGTTATCTCCAGGG-1_contig_1,True,681,IGL,IGLV1-47,None,IGLJ2,IGLC2,True,True,CAAWDDSLSGVVF,TGTGCAGCATGGGATGACAGTCTGAGTGGCGTGGTATTC,1583,178,clonotype102,clonotype102_consensus_1
GGTGTTATCTCCAGGG-1,True,GGTGTTATCTCCAGGG-1_contig_2,True,711,IGH,IGHV3-33,IGHD3-16,IGHJ4,IGHG1,True,True,CARVDAPYVPDWGYYFDYW,TGTGCGAGAGTCGACGCCCCGTACGTACCCGATTGGGGATACTACTTTGACTACTGG,679,73,clonotype102,clonotype102_consensus_2
GTAACGTCATCACCCT-1,True,GTAACGTCATCACCCT-1_contig_1,True,828,IGK,IGKV3-20,None,IGKJ5,IGKC,True,True,CQQLGPSSITF,TGTCAGCAGCTTGGTCCCTCATCGATCACCTTC,11296,1183,clonotype103,clonotype103_consensus_2
GTAACGTCATCACCCT-1,True,GTAACGTCATCACCCT-1_contig_2,True,662,IGH,IGHV4-34,IGHD5-18,IGHJ6,IGHG1,True,True,CARKVHGYYSYYHYIDVW,TGTGCGAGAAAGGTCCATGGATATTACTCCTACTACCACTACATTGACGTCTGG,5072,497,clonotype103,clonotype103_consensus_1
GTAGTCAAGACACTAA-1,True,GTAGTCAAGACACTAA-1_contig_1,True,742,IGL,IGLV1-44,None,IGLJ1,IGLC1,True,True,CAAWDDSLIGLVF,TGTGCAGCGTGGGATGACAGCCTGATTGGGCTTGTCTTC,4622,500,clonotype104,clonotype104_consensus_2
GTAGTCAAGACACTAA-1,True,GTAGTCAAGACACTAA-1_contig_2,True,702,IGH,IGHV4-61,IGHD2-15,IGHJ6,IGHG1,True,True,CARTVGVAASPYYYGLDVW,TGTGCGAGGACCGTTGGGGTCGCTGCTAGCCCCTACTATTACGGTTTGGACGTCTGG,1703,220,clonotype104,clonotype104_consensus_1
GTATTCTGTAGCGCTC-1,True,GTATTCTGTAGCGCTC-1_contig_1,True,687,IGH,IGHV3-20,IGHD2-15,IGHJ4,IGHG1,True,True,CAREDYCSGDKCAFDYW,TGTGCGAGAGAGGACTATTGTAGTGGTGATAAGTGTGCATTTGACTACTGG,277,35,clonotype5,clonotype5_consensus_1
GTATTCTGTAGCGCTC-1,True,GTATTCTGTAGCGCTC-1_contig_2,True,576,IGK,IGKV3-20,None,IGKJ1,IGKC,True,True,CQQYSGSPRTF,TGTCAGCAGTATAGTGGCTCACCTCGGACGTTC,951,96,clonotype5,clonotype5_consensus_2
GTCTTCGCAGCTCGCA-1,True,GTCTTCGCAGCTCGCA-1_contig_1,True,573,IGK,IGKV3-15,None,IGKJ1,IGKC,True,True,CQQYFKWPRAF,TGTCAGCAGTATTTTAAGTGGCCTCGGGCGTTC,3002,298,clonotype105,clonotype105_consensus_2
GTCTTCGCAGCTCGCA-1,True,GTCTTCGCAGCTCGCA-1_contig_2,True,674,IGH,IGHV3-20,IGHD5-12,IGHJ4,IGHG1,True,True,CAREGYGRGGGW,TGTGCGAGAGAAGGCTACGGGCGAGGTGGGGGCTGG,573,78,clonotype105,clonotype105_consensus_1
GTGCATAGTATAGTAG-1,True,GTGCATAGTATAGTAG-1_contig_1,True,656,IGL,IGLV3-25,None,IGLJ2,IGLC2,True,True,CQSGDSSGSFHLKF,TGTCAATCGGGAGACAGCAGTGGTTCCTTCCATCTCAAATTC,9381,1033,clonotype3,clonotype3_consensus_2
GTGCATAGTATAGTAG-1,True,GTGCATAGTATAGTAG-1_contig_2,True,702,IGH,IGHV3-33,IGHD1OR15-1A,IGHJ3,IGHG1,True,True,CARGGEQLLGAFDLW,TGTGCGAGGGGGGGAGAACAACTCCTTGGTGCTTTTGATTTGTGG,3140,341,clonotype3,clonotype3_consensus_1
GTGTGCGTCCATGCTC-1,True,GTGTGCGTCCATGCTC-1_contig_1,True,581,IGH,IGHV3-43,IGHD2-15,IGHJ4,IGHM,True,True,CASLGLYCSGGTCDPDFW,TGTGCAAGCCTGGGATTATATTGTAGTGGTGGTACATGTGACCCCGACTTCTGG,973,119,clonotype106,clonotype106_consensus_2
GTGTGCGTCCATGCTC-1,True,GTGTGCGTCCATGCTC-1_contig_2,True,606,IGK,IGKV1-17,None,IGKJ1,IGKC,True,True,CLQHNNYPWTF,TGTCTACAGCATAATAATTACCCGTGGACGTTC,3755,362,clonotype106,clonotype106_consensus_1
GTTAAGCAGAGTACAT-1,True,GTTAAGCAGAGTACAT-1_contig_1,True,554,IGK,IGKV1-12,None,IGKJ2,IGKC,True,True,CQQAINFPYTF,TGTCAACAGGCCATCAATTTCCCGTACACTTTT,231,26,clonotype107,clonotype107_consensus_1
GTTAAGCGTTCCACTC-1,True,GTTAAGCGTTCCACTC-1_contig_1,True,669,IGL,IGLV4-69,None,IGLJ2,IGLC2,True,True,CQTWATGIQGLF,TGTCAGACCTGGGCCACTGGCATTCAAGGGCTTTTC,2387,267,clonotype8,clonotype8_consensus_2
GTTAAGCGTTCCACTC-1,True,GTTAAGCGTTCCACTC-1_contig_2,True,684,IGH,IGHV3-33,IGHD4OR15-4B,IGHJ4,IGHG1,True,True,CARDYFNYGDYIDYW,TGTGCGAGAGATTATTTCAACTATGGTGACTACATTGACTACTGG,1144,129,clonotype8,clonotype8_consensus_1
GTTAAGCGTTCCACTC-1,True,GTTAAGCGTTCCACTC-1_contig_3,True,335,IGH,IGHV3-66,None,None,IGHM,False,None,None,None,214,27,clonotype8,None
GTTCATTAGACTACAA-1,True,GTTCATTAGACTACAA-1_contig_1,True,660,IGH,IGHV4-31,IGHD6-19,IGHJ4,IGHG1,True,True,CARGSAWSGLAFDSW,TGTGCGCGGGGCAGTGCCTGGTCCGGCTTAGCGTTTGACTCTTGG,640,69,clonotype108,clonotype108_consensus_1
GTTCATTAGACTACAA-1,True,GTTCATTAGACTACAA-1_contig_2,True,652,IGL,IGLV1-44,None,IGLJ3,IGLC3,True,True,CASWDDSLTGWVF,TGTGCATCATGGGATGACAGCCTGACTGGTTGGGTGTTC,590,69,clonotype108,clonotype108_consensus_2
GTTCGGGTCATGCATG-1,True,GTTCGGGTCATGCATG-1_contig_1,True,350,IGH,IGHV4-31,None,None,None,False,None,None,None,39,4,None,None
GTTTCTAGTTAAAGTG-1,True,GTTTCTAGTTAAAGTG-1_contig_1,True,673,IGK,IGKV3-15,None,IGKJ1,IGKC,True,True,CHQYDYWPVGTF,TGTCATCAGTATGACTACTGGCCTGTCGGCACGTTC,35038,3131,clonotype109,clonotype109_consensus_1
GTTTCTAGTTAAAGTG-1,True,GTTTCTAGTTAAAGTG-1_contig_2,True,671,IGH,IGHV1-69-2,IGHD1-14,IGHJ4,IGHG2,True,True,CARGGPRVLIRSYFAYW,TGTGCGAGAGGGGGCCCGCGGGTCCTAATCCGGAGTTACTTTGCCTACTGG,2586,278,clonotype109,clonotype109_consensus_2
TACCTATGTGATAAAC-1,True,TACCTATGTGATAAAC-1_contig_1,True,682,IGH,IGHV3-33,IGHD4OR15-4B,IGHJ4,IGHG1,True,True,CARDYFNYGDYIDYW,TGTGCGAGAGATTATTTCAACTATGGTGACTACATTGACTACTGG,714,87,clonotype8,clonotype8_consensus_1
TACCTATGTGATAAAC-1,True,TACCTATGTGATAAAC-1_contig_2,True,669,IGL,IGLV4-69,None,IGLJ2,IGLC2,True,True,CQTWATGIQGLF,TGTCAGACCTGGGCCACTGGCATTCAAGGGCTTTTC,1245,140,clonotype8,clonotype8_consensus_2
TACTCATGTACCATCA-1,True,TACTCATGTACCATCA-1_contig_1,True,653,IGK,IGKV1D-39,None,IGKJ3,IGKC,True,True,CQESYSSLFF,TGTCAAGAGAGTTATAGTAGCCTGTTTTTC,1355,146,clonotype110,clonotype110_consensus_1
TACTCATGTACCATCA-1,True,TACTCATGTACCATCA-1_contig_2,True,705,IGH,IGHV3-48,IGHD2-21,IGHJ4,IGHG1,True,True,CATVNCGGGTCHSDYW,TGTGCGACAGTCAATTGTGGCGGCGGAACTTGCCACTCAGACTACTGG,564,71,clonotype110,clonotype110_consensus_2
TACTCGCCAAACCTAC-1,True,TACTCGCCAAACCTAC-1_contig_1,True,574,IGK,IGKV1-8,None,IGKJ1,IGKC,True,True,CQQYDSYFRTF,TGCCAACAGTATGATAGTTATTTTCGAACGTTC,5079,576,clonotype111,clonotype111_consensus_1
TACTCGCCAAACCTAC-1,True,TACTCGCCAAACCTAC-1_contig_2,True,670,IGH,IGHV1-2,IGHD6-19,IGHJ4,IGHG1,True,True,CARDISGLDLHSTW,TGTGCGAGAGATATATCAGGCCTGGATTTACACTCCACTTGG,3163,399,clonotype111,clonotype111_consensus_2
TACTTACCATGACGGA-1,True,TACTTACCATGACGGA-1_contig_1,True,448,IGH,IGHV3-20,None,None,None,False,None,None,None,84,9,clonotype6,None
TACTTACCATGACGGA-1,True,TACTTACCATGACGGA-1_contig_2,True,486,IGK,IGKV2D-28,None,IGKJ3,IGKC,True,True,CMQSLQTPTF,TGCATGCAATCTCTACAAACTCCCACTTTC,113,12,clonotype6,clonotype6_consensus_1
TACTTGTGTGTAAGTA-1,True,TACTTGTGTGTAAGTA-1_contig_1,True,683,IGL,IGLV4-69,None,IGLJ3,IGLC3,True,True,CQTWDTGSLF,TGTCAGACCTGGGACACTGGGTCCCTGTTC,5956,723,clonotype1,clonotype1_consensus_1
TACTTGTGTGTAAGTA-1,True,TACTTGTGTGTAAGTA-1_contig_2,False,439,IGL,IGLV3-19,None,IGLJ1,IGLC3,False,None,None,None,265,41,clonotype1,None
TACTTGTGTGTAAGTA-1,True,TACTTGTGTGTAAGTA-1_contig_3,True,679,IGH,IGHV3-15,None,IGHJ4,IGHG1,True,True,CTTDLEYW,TGTACCACAGATCTTGAATATTGG,4832,624,clonotype1,clonotype1_consensus_2
TAGTGGTTCTTCGAGA-1,True,TAGTGGTTCTTCGAGA-1_contig_1,True,673,IGK,IGKV2D-28,None,IGKJ3,IGKC,False,None,CMQTLQTPTF,TGCATGCAAACCCTACAAACTCCCACTTTC,27876,2987,clonotype112,None
TAGTGGTTCTTCGAGA-1,True,TAGTGGTTCTTCGAGA-1_contig_2,True,671,IGK,IGKV3-20,None,IGKJ2,IGKC,True,True,CQQYGSSLYTF,TGTCAGCAGTATGGTAGCTCCCTGTACACTTTT,9492,1037,clonotype112,clonotype112_consensus_2
TAGTGGTTCTTCGAGA-1,True,TAGTGGTTCTTCGAGA-1_contig_3,True,795,IGH,IGHV3-20,IGHD6-6,IGHJ3,IGHG1,True,True,CARGDPSSHREDVFDMW,TGTGCGAGAGGGGACCCGTCGTCCCACCGCGAGGATGTTTTTGATATGTGG,3023,344,clonotype112,clonotype112_consensus_1
TAGTGGTTCTTCGAGA-1,True,TAGTGGTTCTTCGAGA-1_contig_4,True,755,IGH,IGHV4-59,IGHD6-19,IGHJ4,IGHG1,True,True,CARVAPSQWLPTGDYFDYW,TGTGCGAGGGTGGCCCCCTCGCAGTGGCTGCCAACGGGGGACTACTTTGATTACTGG,1036,124,clonotype112,clonotype112_consensus_3
TATCAGGAGCTGAAAT-1,True,TATCAGGAGCTGAAAT-1_contig_1,True,709,IGH,IGHV3-48,IGHD3-16,IGHJ6,IGHG3,True,True,CARVSIEGVLIRFKRTSERYMDVW,TGTGCGAGAGTCTCGATTGAGGGAGTTCTCATCCGCTTTAAGAGAACCTCCGAACGCTACATGGACGTCTGG,72,9,clonotype113,clonotype113_consensus_1
TATCAGGGTGAGTATA-1,True,TATCAGGGTGAGTATA-1_contig_1,True,283,IGH,IGHV4-59,None,None,None,False,None,None,None,33,4,clonotype114,None
TATCAGGGTGAGTATA-1,True,TATCAGGGTGAGTATA-1_contig_2,True,580,IGK,IGKV3-20,None,IGKJ1,IGKC,True,True,CQHYGSSRTF,TGTCAGCACTATGGTAGCTCACGGACGTTC,110,14,clonotype114,clonotype114_consensus_1
TCAACGACACCGGAAA-1,True,TCAACGACACCGGAAA-1_contig_1,True,636,IGK,IGKV3-11,None,IGKJ5,IGKC,True,True,CQQRGSWPPTF,TGTCAGCAGCGTGGCAGCTGGCCCCCCACTTTC,3175,293,clonotype115,clonotype115_consensus_1
TCAACGACACCGGAAA-1,True,TCAACGACACCGGAAA-1_contig_2,True,697,IGH,IGHV3-33,IGHD3-9,IGHJ2,IGHG1,True,True,CGRDGVNFDHGSGPFWYLDLW,TGTGGGAGAGATGGAGTCAATTTTGATCATGGTTCAGGTCCTTTCTGGTACCTCGATCTTTGG,77,10,clonotype115,clonotype115_consensus_2
TCACAAGAGTTCGATC-1,True,TCACAAGAGTTCGATC-1_contig_1,True,708,IGL,IGLV3-25,None,IGLJ2,IGLC2,True,True,CQSGDSSGSFHLKF,TGTCAATCGGGAGACAGCAGTGGTTCCTTCCATCTCAAATTC,6645,684,clonotype3,clonotype3_consensus_2
TCACAAGAGTTCGATC-1,True,TCACAAGAGTTCGATC-1_contig_2,True,693,IGH,IGHV3-33,IGHD1OR15-1A,IGHJ3,IGHG1,True,True,CARGGEQLLGAFDLW,TGTGCGAGGGGGGGAGAACAACTCCTTGGTGCTTTTGATTTGTGG,1322,198,clonotype3,clonotype3_consensus_1
TCAGATGCACATCTTT-1,True,TCAGATGCACATCTTT-1_contig_1,True,653,IGL,IGLV3-19,None,IGLJ2,IGLC2,True,True,CISRDSNYYHLVF,TGTATCTCCCGGGACAGCAATTATTACCATCTGGTCTTC,10434,1159,clonotype2,clonotype2_consensus_2
TCAGATGCACATCTTT-1,True,TCAGATGCACATCTTT-1_contig_2,True,813,IGH,IGHV1-2,IGHD1-14,IGHJ4,IGHG1,True,True,CARGTASNPWDPTFHFW,TGTGCGAGAGGCACCGCGTCGAACCCCTGGGACCCTACCTTTCACTTCTGG,3947,416,clonotype2,clonotype2_consensus_1
TCAGCTCAGCCGATTT-1,True,TCAGCTCAGCCGATTT-1_contig_1,True,659,IGK,IGKV1-16,None,IGKJ4,IGKC,True,True,CQQYESFPPTF,TGCCAACAGTATGAAAGTTTTCCTCCCACTTTC,1014,103,clonotype116,clonotype116_consensus_1
TCAGCTCAGCCGATTT-1,True,TCAGCTCAGCCGATTT-1_contig_2,True,690,IGH,IGHV3-23,IGHD3-22,IGHJ5,IGHG2,True,True,CATSNYYMFTSW,TGTGCGACTAGTAATTACTACATGTTCACCTCCTGG,68,9,clonotype116,clonotype116_consensus_2
TCATTACAGACTGTAA-1,True,TCATTACAGACTGTAA-1_contig_1,True,682,IGH,IGHV3-48,IGHD5-18,IGHJ4,IGHA1,True,True,CARPETPRVGTRLEYW,TGTGCGAGACCGGAGACACCTAGGGTGGGGACCAGGCTTGAATACTGG,5846,729,clonotype117,clonotype117_consensus_2
TCATTACAGACTGTAA-1,True,TCATTACAGACTGTAA-1_contig_2,True,804,IGL,IGLV1-40,None,IGLJ1,IGLC1,True,True,CQAYDSSVNVPYVF,TGCCAGGCCTACGACAGCAGCGTGAATGTCCCTTATGTCTTC,11286,1194,clonotype117,clonotype117_consensus_1
TCATTACAGGACGAAA-1,True,TCATTACAGGACGAAA-1_contig_1,True,668,IGH,IGHV1-24,IGHD3-10,IGHJ4,IGHG1,True,True,CAIDLNTMLQGDIPFYSW,TGCGCAATCGATTTAAATACTATGCTTCAGGGAGATATCCCTTTTTACTCGTGG,217,27,clonotype118,clonotype118_consensus_2
TCATTACAGGACGAAA-1,True,TCATTACAGGACGAAA-1_contig_2,True,677,IGL,IGLV1-51,None,IGLJ3,IGLC3,True,True,CATWDTSLRGGRVF,TGCGCAACATGGGACACTAGCCTGCGTGGTGGCCGGGTGTTC,326,38,clonotype118,clonotype118_consensus_1
TCCACACGTGTGAAAT-1,True,TCCACACGTGTGAAAT-1_contig_1,True,283,IGK,IGKV3-15,None,None,None,False,None,None,None,21,2,None,None
TCGCGAGGTGACGGTA-1,True,TCGCGAGGTGACGGTA-1_contig_1,True,282,IGH,IGHV3-15,None,None,None,False,None,None,None,34,4,None,None
TCGCGTTAGATGTTAG-1,True,TCGCGTTAGATGTTAG-1_contig_1,True,253,IGH,IGHV4-61,None,None,None,False,None,None,None,20,2,None,None
TCGCGTTAGATGTTAG-1,True,TCGCGTTAGATGTTAG-1_contig_2,True,318,IGH,IGHV4-39,IGHD3-22,IGHJ4,IGHA1,False,None,CARQGDYVSSPDYFDYW,TGTGCGAGACAAGGAGACTATGTTAGTAGTCCGGACTACTTTGACTACTGG,37,3,None,None
TCGGGACAGCTCCCAG-1,True,TCGGGACAGCTCCCAG-1_contig_1,True,676,IGK,IGKV3-11,None,IGKJ4,IGKC,True,True,CQQRSIWPLTF,TGTCAGCAGCGTAGCATCTGGCCTCTCACTTTC,7268,809,clonotype119,clonotype119_consensus_3
TCGGGACAGCTCCCAG-1,True,TCGGGACAGCTCCCAG-1_contig_2,True,719,IGK,IGKV1D-39,None,IGKJ1,IGKC,True,True,CQQGFKTPWTF,TGTCAACAGGGTTTCAAGACCCCGTGGACGTTC,1931,218,clonotype119,clonotype119_consensus_1
TCGGGACAGCTCCCAG-1,True,TCGGGACAGCTCCCAG-1_contig_3,True,661,IGH,IGHV4-34,IGHD6-6,IGHJ6,IGHG1,True,True,CARGLAEAVQRPLHYYYYMDVW,TGTGCGAGGGGCCTAGCCGAGGCAGTTCAGCGTCCTTTGCACTATTATTATTATATGGACGTCTGG,1011,150,clonotype119,clonotype119_consensus_4
TCGGGACAGCTCCCAG-1,True,TCGGGACAGCTCCCAG-1_contig_4,True,740,IGH,IGHV3-7,IGHD2-2,IGHJ6,IGHG1,True,True,CARGPADRYCRGTLCYSFFYYMDVW,TGTGCGAGGGGACCCGCGGATAGATATTGTAGAGGCACCCTCTGCTACTCCTTCTTCTACTACATGGACGTCTGG,424,63,clonotype119,clonotype119_consensus_2
TCTGAGAAGTCCTCCT-1,True,TCTGAGAAGTCCTCCT-1_contig_1,True,308,IGH,IGHV1-2,None,None,None,False,None,None,None,35,4,None,None
TGAAAGATCGAGCCCA-1,True,TGAAAGATCGAGCCCA-1_contig_1,True,669,IGL,IGLV3-19,None,IGLJ2,IGLC2,True,True,CISRDSNYYHLVF,TGTATCTCCCGGGACAGCAATTATTACCATCTGGTCTTC,10530,1166,clonotype2,clonotype2_consensus_2
TGAAAGATCGAGCCCA-1,True,TGAAAGATCGAGCCCA-1_contig_2,True,692,IGH,IGHV1-2,IGHD1-14,IGHJ4,IGHG1,True,True,CARGTASNPWDPTFHFW,TGTGCGAGAGGCACCGCGTCGAACCCCTGGGACCCTACCTTTCACTTCTGG,3709,385,clonotype2,clonotype2_consensus_1
TGACAACAGGAGCGTT-1,True,TGACAACAGGAGCGTT-1_contig_1,True,561,IGK,IGKV3-11,None,IGKJ4,IGKC,True,True,CQQRSIWPLTF,TGTCAGCAGCGTAGCATCTGGCCTCTCACTTTC,145,16,clonotype120,clonotype120_consensus_1
TGACAACAGGAGCGTT-1,True,TGACAACAGGAGCGTT-1_contig_2,True,308,IGH,IGHV3-7,None,None,None,False,None,None,None,31,3,clonotype120,None
TGAGAGGAGACACTAA-1,True,TGAGAGGAGACACTAA-1_contig_1,True,254,IGH,IGHV1-69-2,None,None,None,False,None,None,None,12,1,None,None
TGAGAGGAGAGGTACC-1,True,TGAGAGGAGAGGTACC-1_contig_1,True,661,IGK,IGKV1D-39,None,IGKJ1,IGKC,True,True,CQQSYISPWTF,TGTCAACAGAGTTACATTTCCCCGTGGACGTTC,12556,1330,clonotype121,clonotype121_consensus_1
TGAGAGGAGAGGTACC-1,True,TGAGAGGAGAGGTACC-1_contig_2,True,723,IGH,IGHV3-33,IGHD6-13,IGHJ6,IGHA1,True,True,CARVADRSTWYPYYGMDVW,TGTGCGAGAGTGGCAGATAGAAGCACTTGGTACCCCTACTACGGAATGGACGTCTGG,11549,1182,clonotype121,clonotype121_consensus_2
TGGCCAGAGTTACCCA-1,True,TGGCCAGAGTTACCCA-1_contig_1,True,550,IGK,IGKV1-33,None,IGKJ1,IGKC,True,True,CQQYGDLWTF,TGTCAACAATACGGTGATCTGTGGACGTTC,2024,206,clonotype122,clonotype122_consensus_2
TGGCCAGAGTTACCCA-1,True,TGGCCAGAGTTACCCA-1_contig_2,True,679,IGH,IGHV4-31,IGHD2-15,IGHJ3,IGHG1,True,True,CARGPIYCSGDSCYSLAFDVW,TGTGCCAGGGGCCCGATATATTGCAGTGGCGATAGCTGCTATTCCCTTGCTTTTGATGTCTGG,473,62,clonotype122,clonotype122_consensus_1
TGGCCAGCACAAGTAA-1,True,TGGCCAGCACAAGTAA-1_contig_1,True,401,IGH,IGHV3-23,None,None,None,False,None,None,None,73,8,None,None
TGTATTCAGTTGAGTA-1,True,TGTATTCAGTTGAGTA-1_contig_1,True,268,IGK,IGKV3-11,None,None,None,False,None,None,None,28,3,None,None
TGTATTCCACATGACT-1,True,TGTATTCCACATGACT-1_contig_1,True,655,IGK,IGKV2D-28,None,IGKJ5,IGKC,True,True,CMQALQSITF,TGCATGCAAGCTCTCCAATCGATCACCTTC,10657,1095,clonotype123,clonotype123_consensus_2
TGTATTCCACATGACT-1,True,TGTATTCCACATGACT-1_contig_2,True,664,IGH,IGHV1-69-2,IGHD3-16,IGHJ6,IGHG1,True,True,CARGVPYYYMDTW,TGTGCGAGGGGAGTTCCATACTACTATATGGACACTTGG,2117,222,clonotype123,clonotype123_consensus_1
TGTATTCCATTGGCGC-1,True,TGTATTCCATTGGCGC-1_contig_1,True,676,IGL,IGLV3-19,None,IGLJ3,IGLC3,True,True,CRDSSGDQWVF,TGCCGGGACAGCAGTGGTGACCAATGGGTGTTC,14626,1567,clonotype124,clonotype124_consensus_1
TGTATTCCATTGGCGC-1,True,TGTATTCCATTGGCGC-1_contig_2,True,681,IGH,IGHV4-4,IGHD3-22,IGHJ4,IGHG1,True,True,CATSTNFYDTTGYSGVEWYFDYW,TGTGCGACTTCGACGAATTTCTATGACACTACCGGTTATTCGGGGGTTGAGTGGTACTTTGACTACTGG,3097,339,clonotype124,clonotype124_consensus_2
TGTTCCGTCTATCCTA-1,True,TGTTCCGTCTATCCTA-1_contig_1,True,659,IGL,IGLV2-23,None,IGLJ3,IGLC3,True,True,CSYTRSGTHNWVF,TGCTCATATACACGTAGTGGAACCCACAATTGGGTGTTC,17583,1673,clonotype125,clonotype125_consensus_1
TGTTCCGTCTATCCTA-1,True,TGTTCCGTCTATCCTA-1_contig_2,True,700,IGH,IGHV3-33,IGHD2-21,IGHJ6,IGHG1,True,True,CARDIGGDDDGMDVW,TGTGCGAGAGATATTGGAGGTGACGACGACGGTATGGACGTCTGG,1033,120,clonotype125,clonotype125_consensus_2
TTCGAAGAGACGCTTT-1,True,TTCGAAGAGACGCTTT-1_contig_1,True,261,IGK,IGKV1-5,None,None,None,False,None,None,None,17,2,None,None
TTCTCCTAGAACAACT-1,True,TTCTCCTAGAACAACT-1_contig_1,True,429,IGH,IGHV3-15,None,None,None,False,None,None,None,40,4,None,None
TTGAACGTCTCCAGGG-1,True,TTGAACGTCTCCAGGG-1_contig_1,True,562,IGK,IGKV1-17,None,IGKJ1,IGKC,True,True,CLQHHSFPWTF,TGTCTCCAGCATCATAGTTTCCCGTGGACGTTC,448,47,clonotype126,clonotype126_consensus_2
TTGAACGTCTCCAGGG-1,True,TTGAACGTCTCCAGGG-1_contig_2,True,582,IGH,IGHV3-21,IGHD2-2,IGHJ6,IGHG2,True,True,CARGNCGTPSCLDYYYGMDVW,TGTGCGAGAGGAAATTGTGGTACTCCCAGTTGCTTAGACTACTACTACGGAATGGACGTCTGG,182,20,clonotype126,clonotype126_consensus_1
TTGACTTAGCCATCGC-1,True,TTGACTTAGCCATCGC-1_contig_1,True,256,IGH,IGHV3-48,None,None,None,False,None,None,None,31,3,None,None
TTGACTTGTTCAGACT-1,True,TTGACTTGTTCAGACT-1_contig_1,True,319,IGH,IGHV5-51,None,None,None,False,None,None,None,26,3,None,None
TTGGCAAAGTGTCCAT-1,True,TTGGCAAAGTGTCCAT-1_contig_1,True,636,IGL,IGLV3-19,None,IGLJ1,IGLC1,True,True,CNSRDRSADHYLF,TGTAACTCCCGAGACAGAAGTGCTGACCATTATCTCTTC,455,52,clonotype127,clonotype127_consensus_2
TTGGCAAAGTGTCCAT-1,True,TTGGCAAAGTGTCCAT-1_contig_2,True,651,IGH,IGHV4-34,IGHD1-1,IGHJ6,IGHG1,True,True,CARGGRGVQITTQIYYMDVW,TGTGCAAGAGGCGGGCGAGGGGTTCAGATAACGACCCAAATTTACTACATGGACGTCTGG,328,40,clonotype127,clonotype127_consensus_1
TTTGTCAGTTAAGTAG-1,True,TTTGTCAGTTAAGTAG-1_contig_1,True,416,IGK,IGKV1D-39,None,IGKJ3,None,True,True,CQQSYRTPFTF,TGTCAACAGAGTTACCGTACCCCATTCACTTTC,121,13,clonotype128,clonotype128_consensus_1
AAACCTGTCAACCATG-1,False,AAACCTGTCAACCATG-1_contig_1,True,267,IGK,IGKV3-20,None,None,None,False,None,None,None,12,1,None,None
AAACCTGTCGGTCCGA-1,False,AAACCTGTCGGTCCGA-1_contig_1,True,261,IGH,IGHV4-34,None,None,None,False,None,None,None,10,1,None,None
AAACGGGTCTTATCTG-1,False,AAACGGGTCTTATCTG-1_contig_1,True,294,IGK,IGKV1D-39,None,None,None,False,None,None,None,16,1,None,None
AACACGTGTTCGTTGA-1,False,AACACGTGTTCGTTGA-1_contig_1,True,316,IGH,IGHV4-4,IGHD4-17,IGHJ6,IGHG2,False,None,CARGSQVTAVRRGNSHYHGMDVW,TGTGCGAGAGGGTCGCAAGTGACTGCGGTGAGGAGGGGCAACTCCCACTATCACGGTATGGACGTCTGG,12,1,None,None
AACTCTTCAATTGCTG-1,False,AACTCTTCAATTGCTG-1_contig_1,True,269,IGK,IGKV1-5,None,None,None,False,None,None,None,12,1,None,None
AAGCCGCAGGAACTGC-1,False,AAGCCGCAGGAACTGC-1_contig_1,True,326,IGK,IGKV3-15,None,None,None,False,None,None,None,19,1,None,None
AATCCAGCAGGAACGT-1,False,AATCCAGCAGGAACGT-1_contig_1,True,258,IGK,IGKV3-20,None,None,None,False,None,None,None,18,2,None,None
ACACCGGCAGGACCCT-1,False,ACACCGGCAGGACCCT-1_contig_1,True,266,IGH,IGHV1-2,None,None,None,False,None,None,None,10,1,None,None
ACGAGCCAGGCAAAGA-1,False,ACGAGCCAGGCAAAGA-1_contig_1,True,308,TRB,TRBV6-7,None,None,None,False,None,None,None,15,1,None,None
ACGAGGAAGCTCCTTC-1,False,ACGAGGAAGCTCCTTC-1_contig_1,True,263,IGK,IGKV1-33,None,IGKJ4,IGKC,False,None,CQQYDSVPLTF,TGTCAACAGTATGATAGTGTCCCTCTCACTTTC,10,1,None,None
ACGGGCTTCTCACATT-1,False,ACGGGCTTCTCACATT-1_contig_1,True,316,IGH,IGHV1OR15-9,None,None,IGHA1,False,None,None,None,12,1,None,None
ACTGCTCCATCCTTGC-1,False,ACTGCTCCATCCTTGC-1_contig_1,True,278,IGH,IGHV4-31,None,None,None,False,None,None,None,10,1,None,None
ACTTACTAGTCGCCGT-1,False,ACTTACTAGTCGCCGT-1_contig_1,True,296,IGK,IGKV3-15,None,None,None,False,None,None,None,10,1,None,None
AGACGTTCATCGGACC-1,False,AGACGTTCATCGGACC-1_contig_1,True,275,IGH,IGHV1-46,None,None,None,False,None,None,None,14,1,None,None
AGCCTAAAGTGACTCT-1,False,AGCCTAAAGTGACTCT-1_contig_1,True,253,IGH,IGHV1-2,None,None,None,False,None,None,None,10,1,None,None
AGTGTCAAGCAGATCG-1,False,AGTGTCAAGCAGATCG-1_contig_1,True,274,IGK,IGKV1-8,None,None,None,False,None,None,None,10,1,None,None
ATGAGGGAGTCATGCT-1,False,ATGAGGGAGTCATGCT-1_contig_1,True,263,IGK,IGKV3-15,None,None,None,False,None,None,None,10,1,None,None
ATGGGAGCAAGCTGGA-1,False,ATGGGAGCAAGCTGGA-1_contig_1,True,279,IGL,IGLV3-1,None,None,None,False,None,None,None,12,1,None,None
ATGTGTGAGTCACGCC-1,False,ATGTGTGAGTCACGCC-1_contig_1,True,252,IGH,IGHV2-5,None,None,None,False,None,None,None,10,1,None,None
CACACCTAGTATTGGA-1,False,CACACCTAGTATTGGA-1_contig_1,True,272,IGH,IGHV3-13,None,None,None,False,None,None,None,10,1,None,None
CACCACTAGATGGCGT-1,False,CACCACTAGATGGCGT-1_contig_1,True,266,IGH,IGHV4-39,None,None,None,False,None,None,None,11,1,None,None
CATGCCTTCGTTGCCT-1,False,CATGCCTTCGTTGCCT-1_contig_1,True,260,IGK,IGKV3-15,None,None,None,False,None,None,None,10,1,None,None
CCACCTAGTATTCTCT-1,False,CCACCTAGTATTCTCT-1_contig_1,True,258,IGK,IGKV3-15,None,None,None,False,None,None,None,10,1,None,None
CCATGTCTCCGTACAA-1,False,CCATGTCTCCGTACAA-1_contig_1,True,303,Multi,IGLV3-12,None,None,IGHG1,False,None,None,None,10,1,None,None
CCCAATCAGAACAATC-1,False,CCCAATCAGAACAATC-1_contig_1,True,268,IGH,IGHV4-61,None,None,None,False,None,None,None,13,1,None,None
CCTAGCTCACGGTTTA-1,False,CCTAGCTCACGGTTTA-1_contig_1,True,274,IGK,IGKV3-15,None,None,None,False,None,None,None,10,1,None,None
CGATGTACAAGAAGAG-1,False,CGATGTACAAGAAGAG-1_contig_1,True,301,Multi,IGLV3-12,None,None,IGHG1,False,None,None,None,8,1,None,None
CGCTGGAAGGATGTAT-1,False,CGCTGGAAGGATGTAT-1_contig_1,True,287,IGL,IGLV3-19,None,None,None,False,None,None,None,10,1,None,None
CGCTTCAAGTTGTAGA-1,False,CGCTTCAAGTTGTAGA-1_contig_1,True,259,IGK,IGKV3-15,None,None,None,False,None,None,None,9,1,None,None
CGTAGCGCACGGACAA-1,False,CGTAGCGCACGGACAA-1_contig_1,True,311,IGH,IGHV4-61,None,None,None,False,None,None,None,14,1,None,None
CGTCACTTCATGTGGT-1,False,CGTCACTTCATGTGGT-1_contig_1,True,272,IGH,IGHV5-51,None,None,None,False,None,None,None,17,2,None,None
CTAAGACCAATGGAAT-1,False,CTAAGACCAATGGAAT-1_contig_1,True,279,IGH,IGHV4-61,None,None,None,False,None,None,None,12,1,None,None
CTCTAATTCGAGAGCA-1,False,CTCTAATTCGAGAGCA-1_contig_1,True,371,IGH,IGHV2-5,None,None,None,False,None,None,None,32,3,None,None
CTCTGGTCATCCCATC-1,False,CTCTGGTCATCCCATC-1_contig_1,True,373,Multi,TRBV14,None,None,IGHE,False,None,None,None,24,2,None,None
CTGAAACTCAGTTCGA-1,False,CTGAAACTCAGTTCGA-1_contig_1,True,281,IGH,IGHV3-21,None,None,None,False,None,None,None,15,1,None,None
CTGTTTAAGTGGAGAA-1,False,CTGTTTAAGTGGAGAA-1_contig_1,True,291,IGK,IGKV1-5,None,IGKJ3,None,False,None,CQQYNSYSIFTF,TGCCAACAGTATAATAGTTACTCCATATTCACTTTC,10,1,None,None
GAAGCAGGTAGTACCT-1,False,GAAGCAGGTAGTACCT-1_contig_1,True,317,IGH,IGHV1-69-2,None,None,None,False,None,CPVPGPAGAIW,TGTCCAGTCCCAGGTCCAGCTGGTGCAATCTGG,18,2,None,None
GACAGAGTCACAGGCC-1,False,GACAGAGTCACAGGCC-1_contig_1,True,272,IGL,IGLV2-14,None,None,None,False,None,None,None,10,1,None,None
GACCTGGAGCTGCCCA-1,False,GACCTGGAGCTGCCCA-1_contig_1,True,293,IGH,IGHV3-7,IGHD3-3,IGHJ3,IGHA1,False,None,CARDYDFWSGYPFDALDIW,TGTGCGAGAGATTACGATTTTTGGAGTGGTTATCCATTTGATGCACTTGATATCTGG,12,1,None,None
GACCTGGTCACTCTTA-1,False,GACCTGGTCACTCTTA-1_contig_1,True,286,IGH,IGHV4-39,None,None,None,False,None,None,None,12,1,None,None
GATCAGTAGCGCTCCA-1,False,GATCAGTAGCGCTCCA-1_contig_1,True,267,IGH,IGHV4-34,None,None,None,False,None,None,None,16,1,None,None
GATCGTACACGGCCAT-1,False,GATCGTACACGGCCAT-1_contig_1,True,250,IGK,IGKV3-20,None,None,None,False,None,None,None,9,1,None,None
GATCTAGCATAAAGGT-1,False,GATCTAGCATAAAGGT-1_contig_1,True,257,IGH,IGHV3-7,None,None,None,False,None,None,None,13,1,None,None
GCAATCATCGCAGGCT-1,False,GCAATCATCGCAGGCT-1_contig_1,True,253,IGK,IGKV2D-28,None,IGKJ3,IGKC,False,None,CMQTLQTPTF,TGCATGCAAACCCTACAAACTCCCACTTTC,10,1,None,None
GCGCGATAGCTAACAA-1,False,GCGCGATAGCTAACAA-1_contig_1,True,251,IGH,IGHV5-51,None,None,None,False,None,None,None,22,2,None,None
GCTCCTACAAGGACTG-1,False,GCTCCTACAAGGACTG-1_contig_1,True,251,IGK,IGKV3-20,None,None,None,False,None,None,None,9,1,None,None
GCTCCTACAATGGAAT-1,False,GCTCCTACAATGGAAT-1_contig_1,True,271,IGK,IGKV2D-28,None,None,None,False,None,None,None,18,2,None,None
GGAGCAACAGCGTAAG-1,False,GGAGCAACAGCGTAAG-1_contig_1,True,257,IGK,IGKV1D-39,None,None,None,False,None,None,None,10,1,None,None
GGATTACAGTGTACTC-1,False,GGATTACAGTGTACTC-1_contig_1,True,269,IGK,IGKV1-16,None,None,None,False,None,None,None,13,1,None,None
GGCCGATCATGCATGT-1,False,GGCCGATCATGCATGT-1_contig_1,True,304,IGK,IGKV1D-39,None,None,None,False,None,None,None,13,1,None,None
GGCTCGAAGCCTTGAT-1,False,GGCTCGAAGCCTTGAT-1_contig_1,True,269,IGH,IGHV4-34,None,None,IGHG1,False,None,None,None,10,1,None,None
GGTGTTATCTAGAGTC-1,False,GGTGTTATCTAGAGTC-1_contig_1,True,258,IGK,IGKV1D-39,None,None,None,False,None,None,None,9,1,None,None
GTAACTGAGTTTCCTT-1,False,GTAACTGAGTTTCCTT-1_contig_1,True,277,IGH,IGHV3-11,None,None,None,False,None,None,None,11,1,None,None
GTACTTTAGCTCCTTC-1,False,GTACTTTAGCTCCTTC-1_contig_1,True,276,IGH,IGHV3-15,None,None,None,False,None,None,None,12,1,None,None
GTGCGGTTCGCCCTTA-1,False,GTGCGGTTCGCCCTTA-1_contig_1,True,255,IGK,IGKV3-20,None,None,None,False,None,None,None,10,1,None,None
GTGCTTCCAGATCCAT-1,False,GTGCTTCCAGATCCAT-1_contig_1,True,301,IGK,IGKV1D-39,None,None,None,False,None,None,None,12,1,None,None
GTTACAGTCCCAAGTA-1,False,GTTACAGTCCCAAGTA-1_contig_1,True,261,IGH,IGHV4-31,None,None,None,False,None,None,None,12,1,None,None
TAAACCGGTCTCATCC-1,False,TAAACCGGTCTCATCC-1_contig_1,True,266,IGH,IGHV1-2,None,None,None,False,None,None,None,10,1,None,None
TAGCCGGAGCCACGTC-1,False,TAGCCGGAGCCACGTC-1_contig_1,True,271,IGH,IGHV4-34,None,None,None,False,None,None,None,12,1,None,None
TAGTGGTAGAGCAATT-1,False,TAGTGGTAGAGCAATT-1_contig_1,True,294,IGH,IGHV4-61,None,None,None,False,None,None,None,20,2,None,None
TATCAGGGTTGTGGAG-1,False,TATCAGGGTTGTGGAG-1_contig_1,True,396,IGK,IGKV3-20,None,IGKJ1,None,False,None,CQHYGSSRTF,TGTCAGCACTATGGTAGCTCACGGACGTTC,20,2,None,None
TATTACCTCCACGAAT-1,False,TATTACCTCCACGAAT-1_contig_1,True,250,Multi,IGLV5-52,None,None,IGHG4,False,None,None,None,14,1,None,None
TCAGCAATCGCTTGTC-1,False,TCAGCAATCGCTTGTC-1_contig_1,True,300,IGH,IGHV4-61,None,None,None,False,None,None,None,9,1,None,None
TCCCGATCATTGCGGC-1,False,TCCCGATCATTGCGGC-1_contig_1,True,274,IGH,IGHV4-34,None,None,IGHG1,False,None,None,None,10,1,None,None
TCTCATATCAATCACG-1,False,TCTCATATCAATCACG-1_contig_1,True,303,Multi,TRBV27,None,None,IGHA2,False,False,CWVPPV*RRGRYSLSSW,TGCTGGGTTCCTCCAGTGTAGAGGAGAGGCAGGTACAGCCTGTCCTCCTGG,20,1,None,None
TGACTTTAGGATGGTC-1,False,TGACTTTAGGATGGTC-1_contig_1,True,265,IGH,IGHV2-5,None,None,None,False,None,None,None,19,1,None,None
TGAGAGGCATGCCTTC-1,False,TGAGAGGCATGCCTTC-1_contig_1,True,251,IGK,IGKV3-15,None,None,None,False,None,None,None,9,1,None,None
TGAGGGAAGATCTGCT-1,False,TGAGGGAAGATCTGCT-1_contig_1,True,265,IGH,IGHV3-11,None,None,None,False,None,None,None,11,1,None,None
TGGACGCTCATACGGT-1,False,TGGACGCTCATACGGT-1_contig_1,True,289,IGH,IGHV3-48,None,None,None,False,None,None,None,21,2,None,None
TTAACTCCAGCAGTTT-1,False,TTAACTCCAGCAGTTT-1_contig_1,True,281,IGK,IGKV3-15,None,None,None,False,None,None,None,12,1,None,None
TTCGGTCCAAAGGCGT-1,False,TTCGGTCCAAAGGCGT-1_contig_1,True,250,IGK,IGKV3-11,None,None,None,False,None,None,None,11,1,None,None
