SET,Cluster,cluster,ID,Description,GeneRatio,BgRatio,pvalue,p.adjust,qvalue,geneID,Count
GO,Naive(i),Naive(i),GO:0003735,structural constituent of ribosome,61/421,154/11020,9.643765197363343e-47,5.496946162497106e-44,5.217784538362904e-44,RPS19/RPL18A/RPS13/RPL8/RPS23/RPS27/RPS9/RPL13/RPS27A/RPS8/RPL30/RPL29/RPSA/RPL37/RPL18/RPL26/RPS5/RPS3A/RPL19/RPL15/RPL11/RPL10A/RPL21/RPL9/RPL5/RPL23A/RPL22/RPL10/RPL39/RPS3/RPL32/RPS21/RPS15/RPL37A/RPS16/RPS7/RPS12/RPL3/RPL6/RPS18/RPS6/RPL35A/RPS15A/RPL12/RPL35/RPL28/RPL7A/RPS28/RPL41/RPL36/RPS24/RPLP0/UBA52/RPL36A/RPL27/RPS10/RPL17/RPL7/RPL4/RPS17/IMP3,61
GO,Naive(i),Naive(i),GO:0005198,structural molecule activity,72/421,449/11020,2.860510177870227e-26,8.152454006930148e-24,7.738432796975247e-24,RPS19/RPL18A/RPS13/RPL8/RPS23/RPS27/RPS9/RPL13/RPS27A/RPS8/RPL30/RPL29/RPSA/RPL37/RPL18/RPL26/RPS5/RPS3A/RPL19/RPL15/RPL11/RPL10A/RPL21/RPL9/RPL5/RPL23A/RPL22/RPL10/RPL39/RPS3/RPL32/RPS21/RPS15/RPL37A/RPS16/RPS7/RPS12/RPL3/RPL6/RPS18/RPS6/RPL35A/RPS15A/RPL12/RPL35/RPL28/RPL7A/RPS28/RPL41/RPL36/RPS24/ARPC3/RPLP0/UBA52/RPL36A/RPL27/RPS10/RPL17/RPL7/RPL4/COL19A1/SEPT7/RPS17/ADD1/ADD3/NCK2/CDC42SE1/LAMTOR5/KRT10/LAMTOR1/IMP3/JUP,72
GO,Naive(i),Naive(i),GO:0019843,rRNA binding,17/421,56/11020,1.4213550235307692e-11,2.7005745447084616e-9,2.5634262529642643e-9,RPS13/RPL8/RPS9/RPL37/RPS5/RPL11/RPL9/RPL5/RPL23A/RPS3/RPL3/RPS18/RPL12/EEF2/CIRBP/GTF3A/IMP3,17
GO,Naive(i),Naive(i),GO:0023026,MHC class II protein complex binding,9/421,16/11020,1.4365089398643917e-9,2.047025239306758e-7,1.9430673555007824e-7,HLA-DRB1/CD74/HLA-DRA/MS4A1/HLA-DMA/HLA-DMB/HLA-DOB/ANXA11/HLA-DOA,9
GO,Naive(i),Naive(i),GO:0023023,MHC protein complex binding,9/421,17/11020,2.9499829329869453e-9,3.362980543605118e-7,3.1921920580111365e-7,HLA-DRB1/CD74/HLA-DRA/MS4A1/HLA-DMA/HLA-DMB/HLA-DOB/ANXA11/HLA-DOA,9
GO,Naive(i),Naive(i),GO:0042605,peptide antigen binding,8/421,20/11020,3.5708443147683847e-7,3.3923020990299654e-5,3.220024522440263e-5,HLA-DRB1/HLA-DPB1/HLA-DRB5/HLA-DRA/HLA-DPA1/HLA-A/HLA-DQB1/TAPBP,8
GO,Naive(i),Naive(i),GO:0003729,mRNA binding,20/421,175/11020,1.1441693186321795e-5,9.316807308862034e-4,8.843654583111884e-4,RPS13/RPL26/RPS5/RPS3A/RPL5/RPS3/RPS7/RPL35/RPL41/HNRNPA2B1/PCBP1/ZFP36L2/RPL7/YBX3/CIRBP/EIF3D/HNRNPR/HNRNPC/PAIP2/RNPS1,20
GO,Naive(i),Naive(i),GO:0008097,5S rRNA binding,5/421,10/11020,1.708542736878309e-5,0.001088489453927025,0.0010332106727949971,RPL11/RPL5/RPL3/EEF2/GTF3A,5
GO,Naive(i),Naive(i),GO:0050839,cell adhesion molecule binding,32/421,375/11020,1.718667558832145e-5,0.001088489453927025,0.0010332106727949971,FCER2/RPL29/RPL15/RPL23A/RPL6/SELL/RPL7A/EEF1D/PCBP1/EEF2/HNRNPK/SNX2/CD200/CNN2/FXYD5/SEPT7/PPP1CA/YWHAB/SWAP70/EIF2S3/PDLIM1/LYN/ADD1/PTPN6/EIF4G2/DBNL/ANKAR/SYK/ICAM2/JUP/H1FX/TMPO,32
GO,Naive(i),Naive(i),GO:0003730,mRNA 3'-UTR binding,10/421,52/11020,2.2310019417628084e-5,0.0012716711068048007,0.0012070894716485093,RPL5/RPS7/RPL41/HNRNPA2B1/ZFP36L2/YBX3/CIRBP/HNRNPR/HNRNPC/RNPS1,10
GO,Naive(i),Naive(i),GO:0045296,cadherin binding,25/421,274/11020,4.909661433695228e-5,0.0025440972883693457,0.0024148956716931553,RPL29/RPL15/RPL23A/RPL6/RPL7A/EEF1D/PCBP1/EEF2/HNRNPK/SNX2/CNN2/FXYD5/SEPT7/PPP1CA/YWHAB/SWAP70/EIF2S3/PDLIM1/ADD1/EIF4G2/DBNL/ANKAR/JUP/H1FX/TMPO,25
GO,Naive(i),Naive(i),GO:0048027,mRNA 5'-UTR binding,6/421,21/11020,9.983142612630345e-5,0.004741992740999413,0.004501171318326314,RPS13/RPL26/RPS3A/RPL5/RPS7/RPL41,6
GO,Naive(i),Naive(i),GO:0017124,SH3 domain binding,12/421,97/11020,3.1084716478747257e-4,0.013629452609912258,0.012937282809778211,NCF1/EVL/SH3BP5/HCLS1/SKAP1/KHDRBS2/LYN/SH3BGRL/PTPN6/ARHGAP17/OSTF1/WAS,12
GO,Naive(i),Naive(i),GO:0042277,peptide binding,16/421,171/11020,8.427476415092964e-4,0.034311868261449927,0.03256934494253973,HLA-DRB1/CD74/HLA-DPB1/HLA-DRB5/HLA-DRA/HLA-DPA1/HLA-A/ITM2B/HLA-DQB1/PPIA/LTA4H/SRP14/FCGR2B/TAPBP/AP2M1/CD1C,16
GO,Naive(i),Naive(i),GO:0008200,ion channel inhibitor activity,5/421,22/11020,0.0012208475861792652,0.04639220827481208,0.04403618661727315,CAMK2D/STX7/CALM2/ITPR1/VAMP8,5
GO,Naive(i),Naive(i),GO:0033218,amide binding,17/421,197/11020,0.00144705086381726,0.0490546833977582,0.04656344832215645,HLA-DRB1/CD74/HLA-DPB1/HLA-DRB5/HLA-DRA/HLA-DPA1/HLA-A/ITM2B/HLA-DQB1/PPIA/LTA4H/SRP14/FCGR2B/TAPBP/PHB2/AP2M1/CD1C,17
GO,Naive(i),Naive(i),GO:0016248,channel inhibitor activity,5/421,23/11020,0.0015116300847499379,0.0490546833977582,0.04656344832215645,CAMK2D/STX7/CALM2/ITPR1/VAMP8,5
GO,Naive(i),Naive(i),GO:0005521,lamin binding,4/421,14/11020,0.0015490952651923643,0.0490546833977582,0.04656344832215645,LBR/PPP1CC/TMPO/SUN2,4
GO,Naive(ii),Naive(ii),GO:0003735,structural constituent of ribosome,62/222,154/11020,1.4191772938930015e-66,5.690900948510936e-64,5.362996300079869e-64,RPS23/RPL11/RPL30/RPS13/RPS27/RPS21/RPL18A/RPL37/RPL13/RPS8/RPL19/RPS27A/RPS15A/RPS3/RPL26/RPL32/RPL8/RPL18/RPS19/RPL39/RPS5/RPS12/RPS15/RPL28/RPL29/RPL41/RPS28/RPL35A/RPL12/RPS3A/RPSA/RPS2/RPL10/RPL5/RPS9/RPS16/RPS18/RPL6/RPL23A/RPS7/RPL15/RPL21/RPL9/RPL37A/RPL22/RPL7A/RPS24/RPL10A/RPS4X/RPS6/RPL3/UBA52/RPL35/RPLP0/RPL24/RPS10/RPL13A/RPL27/RPL36A/RPL7/RPL17/RPS17,62
GO,Naive(ii),Naive(ii),GO:0005198,structural molecule activity,65/222,449/11020,1.876689005172585e-38,3.762761455371033e-36,3.545954488720832e-36,RPS23/RPL11/RPL30/RPS13/RPS27/RPS21/RPL18A/RPL37/RPL13/RPS8/RPL19/RPS27A/RPS15A/RPS3/RPL26/RPL32/RPL8/RPL18/RPS19/RPL39/RPS5/RPS12/RPS15/RPL28/RPL29/RPL41/RPS28/RPL35A/RPL12/RPS3A/RPSA/RPS2/RPL10/RPL5/RPS9/RPS16/RPS18/RPL6/RPL23A/RPS7/RPL15/RPL21/RPL9/RPL37A/RPL22/RPL7A/RPS24/RPL10A/RPS4X/RPS6/RPL3/UBA52/RPL35/RPLP0/RPL24/RPS10/RPL13A/RPL27/RPL36A/RPL7/RPL17/ARPC3/RPS17/SEPT7/ARPC5,65
GO,Naive(ii),Naive(ii),GO:0019843,rRNA binding,16/222,56/11020,8.744245535353191e-15,1.168814153225543e-12,1.1014681218216828e-12,RPL11/RPS13/RPL37/RPS3/RPL8/RPS5/RPL12/RPL5/RPS9/RPS18/RPL23A/RPL9/RPS4X/RPL3/EEF2/GTF3A,16
GO,Naive(ii),Naive(ii),GO:0008097,5S rRNA binding,5/222,10/11020,7.362738634766948e-7,7.381145481353865e-5,6.955850447056143e-5,RPL11/RPL5/RPL3/EEF2/GTF3A,5
GO,Naive(ii),Naive(ii),GO:0050839,cell adhesion molecule binding,23/222,375/11020,1.9333748270107106e-6,1.5078967688302375e-4,1.421013098858263e-4,RPL29/RPS2/RPL6/RPL23A/RPL15/RPL7A/RPL24/EEF1D/EEF2/FCER2/PCBP1/CNN2/SELL/PPP1CA/EIF2S3/PTPN6/CALR/HNRNPK/PDLIM1/SEPT7/DBNL/CD200/CCT8,23
GO,Naive(ii),Naive(ii),GO:0003729,mRNA binding,15/222,175/11020,2.4031978686339127e-6,1.5078967688302375e-4,1.421013098858263e-4,RPS13/RPS3/RPL26/RPS5/RPL41/RPS3A/RPS2/RPL5/RPS7/RPL35/RPL13A/RPL7/HNRNPA2B1/PCBP1/CALR,15
GO,Naive(ii),Naive(ii),GO:0048027,mRNA 5'-UTR binding,6/222,21/11020,2.632238748581462e-6,1.5078967688302375e-4,1.421013098858263e-4,RPS13/RPL26/RPL41/RPS3A/RPL5/RPS7,6
GO,Naive(ii),Naive(ii),GO:0045296,cadherin binding,18/222,274/11020,1.0510955325640212e-5,5.268616356977156e-4,4.965043370927416e-4,RPL29/RPS2/RPL6/RPL23A/RPL15/RPL7A/RPL24/EEF1D/EEF2/PCBP1/CNN2/PPP1CA/EIF2S3/HNRNPK/PDLIM1/SEPT7/DBNL/CCT8,18
GO,Naive(ii),Naive(ii),GO:0042605,peptide antigen binding,5/222,20/11020,3.8412577601577066e-5,0.001711493735359156,0.0016128789893527682,HLA-DRB1/HLA-DPB1/HLA-DRB5/HLA-DRA/HLA-A,5
GO,Naive(ii),Naive(ii),GO:0042277,peptide binding,12/222,171/11020,1.7470530984785426e-4,0.007005682924898956,0.006602021708987335,CD74/HLA-DRB1/HLA-DPB1/HLA-DRB5/HLA-DRA/HLA-A/PPIA/ITM2B/LTA4H/FCGR2B/CD1C/CALR,12
GO,Naive(ii),Naive(ii),GO:0023026,MHC class II protein complex binding,4/222,16/11020,2.411599578211878e-4,0.008791376644208756,0.008284825345244634,CD74/HLA-DRB1/HLA-DRA/HLA-DOB,4
GO,Naive(ii),Naive(ii),GO:0023023,MHC protein complex binding,4/222,17/11020,3.10406834938475e-4,0.01037276173419404,0.009775092433588818,CD74/HLA-DRB1/HLA-DRA/HLA-DOB,4
GO,Naive(ii),Naive(ii),GO:0003746,translation elongation factor activity,4/222,18/11020,3.9282636133432296e-4,0.012117182376543347,0.01141900111085198,EEF1A1/EEF1B2/EEF1D/EEF2,4
GO,Naive(ii),Naive(ii),GO:0044183,protein binding involved in protein folding,5/222,35/11020,6.289101522096028e-4,0.01703066483727826,0.016049373084611882,CD74/CCT3/CCT7/CALR/CCT8,5
GO,Naive(ii),Naive(ii),GO:0033218,amide binding,12/222,197/11020,6.370572881774911e-4,0.01703066483727826,0.016049373084611882,CD74/HLA-DRB1/HLA-DPB1/HLA-DRB5/HLA-DRA/HLA-A/PPIA/ITM2B/LTA4H/FCGR2B/CD1C/CALR,12
GO,Naive(ii),Naive(ii),GO:0008135,"translation factor activity, RNA binding",7/222,81/11020,0.0012036822282693984,0.030167285846001795,0.02842907368083645,EEF1A1/EEF1B2/EEF1D/EEF2/EIF2S3/EIF3K/EIF3L,7
GO,Naive(iii),Naive(iii),GO:0031267,small GTPase binding,60/691,423/11020,1.6013940387102496e-9,1.1177730390197543e-6,9.473509997422741e-7,AKAP13/SPTBN1/GGA2/CAMK2D/ARHGEF1/TRIO/YBX3/ARHGAP4/ITSN2/AKAP9/RAPGEF1/DOCK11/FLNA/MYO9B/FGD2/ABCA1/FMNL1/DENND4A/ACAP2/GGA1/SORL1/IQGAP1/TBC1D10C/RGL2/ARAP1/ACAP1/PLEKHG1/HPS4/ANKFY1/EXOC4/GRASP/SRGAP2/USP6NL/NSF/RANBP2/FARP2/PKN1/XPO4/TNPO1/VAV2/MYO1C/JAK3/RASGRP3/XPO6/JAK1/MICAL1/TBC1D1/ERC1/TBC1D22A/SMAP2/ARFGAP2/IPO9/CLEC16A/TBC1D9/XPO1/LRRK2/FGD3/DOCK2/DENND4B/TRAPPC8,60
GO,Naive(iii),Naive(iii),GO:0017016,Ras GTPase binding,51/691,387/11020,3.087960546815475e-7,1.0776982308386007e-4,9.133862249001563e-5,AKAP13/SPTBN1/CAMK2D/ARHGEF1/TRIO/YBX3/ARHGAP4/ITSN2/AKAP9/RAPGEF1/DOCK11/FLNA/MYO9B/FGD2/FMNL1/DENND4A/ACAP2/IQGAP1/TBC1D10C/RGL2/PLEKHG1/HPS4/ANKFY1/EXOC4/SRGAP2/USP6NL/NSF/RANBP2/FARP2/PKN1/XPO4/TNPO1/VAV2/MYO1C/JAK3/RASGRP3/XPO6/JAK1/MICAL1/TBC1D1/ERC1/TBC1D22A/IPO9/CLEC16A/TBC1D9/XPO1/LRRK2/FGD3/DOCK2/DENND4B/TRAPPC8,51
GO,Naive(iii),Naive(iii),GO:0005096,GTPase activator activity,33/691,217/11020,1.7814774507690159e-6,4.144904202122577e-4,3.512948516955042e-4,ARHGEF1/ARHGAP4/SIPA1L3/SIPA1L1/MYO9B/ARHGAP25/ACAP2/NCKAP1L/RALGAPB/IQGAP1/MYO9A/TBC1D10C/ARAP1/ACAP1/RABEP2/SRGAP2/USP6NL/ARHGAP12/NF1/RANBP2/RALGAPA1/RABEP1/SIPA1/ARHGAP24/RASGRP3/TBC1D1/TBC1D22A/SMAP2/ARFGAP2/TBC1D9/ARHGAP15/LRRK2/DOCK2,33
GO,Naive(iii),Naive(iii),GO:0030695,GTPase regulator activity,35/691,241/11020,2.579615370504209e-6,4.5014288215298445e-4,3.8151153637456983e-4,ARHGEF1/ARHGAP4/TNK2/SIPA1L3/SIPA1L1/MYO9B/ARHGAP25/ACAP2/NCKAP1L/RALGAPB/IQGAP1/MYO9A/TBC1D10C/ARAP1/ACAP1/RABEP2/SRGAP2/USP6NL/ARHGAP12/NF1/RANBP2/RALGAPA1/RABEP1/SIPA1/ARHGAP24/RASGRP3/TBC1D1/TBC1D22A/SMAP2/ARFGAP2/TBC1D9/ARHGAP15/KRIT1/LRRK2/DOCK2,35
GO,Naive(iii),Naive(iii),GO:0005085,guanyl-nucleotide exchange factor activity,33/691,223/11020,3.2880224030195895e-6,4.590079274615347e-4,3.890249664204231e-4,RALGPS2/AKAP13/SPTBN1/CAMK2D/ARHGEF1/CYTH1/TRIO/ITSN2/DOCK8/HERC2/AKAP9/RAPGEF1/DOCK11/PSD4/IQSEC1/FGD2/DENND4A/FNIP1/RGL2/PLEKHG1/HPS4/RASGRP2/FARP2/VAV2/JAK3/RASGRP3/JAK1/HERC1/FGD3/SH2D3A/DOCK2/DENND4B/TRAPPC8,33
GO,Naive(iii),Naive(iii),GO:0001047,core promoter binding,21/691,111/11020,4.462835178428379e-6,5.191764924238347e-4,4.400198895222367e-4,MEF2C/NLRC5/CHD2/DHX36/SOX4/KMT2A/KANSL1/KDM5A/SAFB/SFPQ/EP300/BAZ2A/ELK4/CCAR1/TP53/ZNF335/POU2F1/PSPC1/TAF1/CALCOCO1/UBTF,21
GO,Naive(iii),Naive(iii),GO:0016887,ATPase activity,42/691,329/11020,7.845091513930594e-6,7.822676966747935e-4,6.629987114028563e-4,DDX17/SMCHD1/ATP2A3/MACF1/RNF213/DDX5/ATF7IP/ACIN1/ATRX/EIF4A1/ATP8A1/SNRNP200/CHD2/ABCA7/LONP2/CHD3/MYO9B/DHX36/ABCA1/DDX39B/BPTF/TCIRG1/RFC1/DDX6/SMARCA2/CHD4/DDX21/ABCB4/PBRM1/DDX42/DDX27/ATP10D/ATP9B/NSF/DHX15/KIF21B/MYO1C/CHD1/DYNC1H1/YTHDC2/DYNC1I2/DDX23,42
GO,Naive(iii),Naive(iii),GO:0060589,nucleoside-triphosphatase regulator activity,37/691,276/11020,9.00335565294629e-6,7.855427807195638e-4,6.657744574941863e-4,ARHGEF1/ARHGAP4/TNK2/SIPA1L3/SIPA1L1/MYO9B/ARHGAP25/ACAP2/NCKAP1L/RALGAPB/FNIP1/IQGAP1/MYO9A/TBC1D10C/ARAP1/ACAP1/RABEP2/SRGAP2/USP6NL/ARHGAP12/NF1/RANBP2/RALGAPA1/RABEP1/SIPA1/ARHGAP24/RASGRP3/TBC1D1/TBC1D22A/SMAP2/ARFGAP2/TBC1D9/ARHGAP15/KRIT1/LRRK2/DNAJC2/DOCK2,37
GO,Naive(iii),Naive(iii),GO:0003729,mRNA binding,27/691,175/11020,1.1753342179682627e-5,9.115369823798304e-4,7.725588660797237e-4,SNRNP70/DDX5/YBX3/EIF4A1/RC3H1/RBM5/SF3B1/LUC7L3/RBM25/RBM38/NXF1/CELF1/RC3H2/SRSF4/EIF3A/HNRNPA2B1/PCF11/CPSF1/PUM1/TP53/THOC2/PUM2/KHSRP/ADARB1/LUC7L/NCBP3/HNRNPD,27
GO,Naive(iii),Naive(iii),GO:0018024,histone-lysine N-methyltransferase activity,11/691,38/11020,1.3739076868166212e-5,9.340079236180277e-4,7.916037597245236e-4,PRDM2/ASH1L/KMT2E/EZH1/KMT2A/KMT2C/SETDB1/KMT2D/WDR82/EHMT2/SETD2,11
GO,Naive(iii),Naive(iii),GO:0003682,chromatin binding,49/691,418/11020,1.5022841650647378e-5,9.340079236180277e-4,7.916037597245236e-4,DDX5/MEF2C/REL/NIPBL/BRD2/ATRX/SP140L/ASH1L/CHD7/JARID2/JMJD1C/CREBBP/EZH1/ZMYND8/HCFC1/SMAD3/KMT2A/ARID1A/SMARCA2/KDM5A/SAFB/CHD4/SFPQ/SETDB1/EP300/POLR2A/PBRM1/PRKCB/AUTS2/ELK4/TP53/KDM4C/PKN1/KDM6A/TRIM28/ZNF274/SATB1/WDR82/EHMT2/SIN3B/TLE4/POLG/CALCOCO1/BRD4/HNRNPD/PER1/DNAJC2/STAG1/UBTF,49
GO,Naive(iii),Naive(iii),GO:0036002,pre-mRNA binding,10/691,32/11020,1.6057442812917382e-5,9.340079236180277e-4,7.916037597245236e-4,SF1/DDX5/CELF2/PRPF8/CELF1/EP300/HNRNPA2B1/U2AF1/RNPC3/HNRNPL,10
GO,Naive(iii),Naive(iii),GO:0008026,ATP-dependent helicase activity,17/691,86/11020,1.9759152166443215e-5,9.851348722983832e-4,8.349356028226381e-4,DDX17/DDX5/EIF4A1/SNRNP200/CHD2/CHD3/DHX36/DDX39B/DDX6/CHD4/DDX21/DDX42/DDX27/DHX15/CHD1/YTHDC2/DDX23,17
GO,Naive(iii),Naive(iii),GO:0070035,purine NTP-dependent helicase activity,17/691,86/11020,1.9759152166443215e-5,9.851348722983832e-4,8.349356028226381e-4,DDX17/DDX5/EIF4A1/SNRNP200/CHD2/CHD3/DHX36/DDX39B/DDX6/CHD4/DDX21/DDX42/DDX27/DHX15/CHD1/YTHDC2/DDX23,17
GO,Naive(iii),Naive(iii),GO:0070577,lysine-acetylated histone binding,7/691,16/11020,2.567150046905068e-5,0.001119919207962336,9.491699515530581e-4,BRD2/ZMYND8/KMT2A/BRD9/BAZ2A/TAF1/BRD4,7
GO,Naive(iii),Naive(iii),GO:0140033,acetylation-dependent protein binding,7/691,16/11020,2.567150046905068e-5,0.001119919207962336,9.491699515530581e-4,BRD2/ZMYND8/KMT2A/BRD9/BAZ2A/TAF1/BRD4,7
GO,Naive(iii),Naive(iii),GO:0004386,helicase activity,22/691,134/11020,2.81742123389562e-5,0.0011568000125053782,9.804276987302406e-4,DDX17/DDX5/ATRX/EIF4A1/SNRNP200/CHD2/CHD7/CHD3/DHX36/DDX39B/DDX6/SMARCA2/HELZ/CHD4/DDX21/DDX42/DDX27/DHX15/CHD1/SETX/YTHDC2/DDX23,22
GO,Naive(iii),Naive(iii),GO:0042393,histone binding,25/691,169/11020,5.060641937570194e-5,0.0018857719826959117,0.0015982564534385499,USP15/BRD2/ATRX/CHD2/KMT2E/ZMYND8/MPHOSPH8/BPTF/KMT2A/SMARCA2/KDM5A/ING5/PRKCB/BRD9/BAZ2A/ING1/PKN1/RSF1/CHD1/TAF1/IPO9/BRD4/TBL1XR1/MYSM1/DNAJC2,25
GO,Naive(iii),Naive(iii),GO:0042623,"ATPase activity, coupled",35/691,276/11020,5.133190210776837e-5,0.0018857719826959117,0.0015982564534385499,DDX17/ATP2A3/DDX5/ATRX/EIF4A1/ATP8A1/SNRNP200/CHD2/ABCA7/LONP2/CHD3/DHX36/ABCA1/DDX39B/BPTF/TCIRG1/RFC1/DDX6/SMARCA2/CHD4/DDX21/ABCB4/PBRM1/DDX42/DDX27/ATP10D/ATP9B/NSF/DHX15/MYO1C/CHD1/DYNC1H1/YTHDC2/DYNC1I2/DDX23,35
GO,Naive(iii),Naive(iii),GO:0004004,ATP-dependent RNA helicase activity,13/691,59/11020,5.706093763424581e-5,0.0019914267234351786,0.0016878024710761128,DDX17/DDX5/EIF4A1/SNRNP200/DHX36/DDX39B/DDX6/DDX21/DDX42/DDX27/DHX15/YTHDC2/DDX23,13
GO,Naive(iii),Naive(iii),GO:0003724,RNA helicase activity,13/691,60/11020,6.873216182338085e-5,0.0021248108909281307,0.001800850129243869,DDX17/DDX5/EIF4A1/SNRNP200/DHX36/DDX39B/DDX6/DDX21/DDX42/DDX27/DHX15/YTHDC2/DDX23,13
GO,Naive(iii),Naive(iii),GO:0008186,RNA-dependent ATPase activity,13/691,60/11020,6.873216182338085e-5,0.0021248108909281307,0.001800850129243869,DDX17/DDX5/EIF4A1/SNRNP200/DHX36/DDX39B/DDX6/DDX21/DDX42/DDX27/DHX15/YTHDC2/DDX23,13
GO,Naive(iii),Naive(iii),GO:0140030,modification-dependent protein binding,19/691,113/11020,7.00152585835917e-5,0.0021248108909281307,0.001800850129243869,PRPF8/USP15/BRD2/ATRX/KMT2E/ZMYND8/MPHOSPH8/BPTF/KMT2A/KDM5A/ING5/PARP10/BRD9/BAZ2A/ING1/CHD1/TAF1/BRD4/DNAJC2,19
GO,Naive(iii),Naive(iii),GO:0003712,transcription cofactor activity,49/691,449/11020,9.580968144136444e-5,0.002683241705095878,0.0022741394032029607,DDX17/SF1/BTG1/ATF7IP/CIITA/YBX3/N4BP2L2/ARID1B/CREBBP/FUS/TCF3/ZMYND8/HCFC1/SOX4/NCOR1/TRIM22/ARID1A/SMARCA2/KDM5A/NCOA3/MED23/ZFX/ZMIZ2/EP300/CTBP1/PRKCB/MXD4/ELK4/CCAR1/PKN1/USP22/JUND/TRIM28/ZNF274/KAT6A/TRRAP/SIN3B/TLE4/IRF3/MAML2/TAF1/KLF12/LIMD1/CALCOCO1/NPAT/TBL1XR1/MYSM1/NFKBID/ZNF451,49
GO,Naive(iii),Naive(iii),GO:0016279,protein-lysine N-methyltransferase activity,11/691,46/11020,9.610464559798989e-5,0.002683241705095878,0.0022741394032029607,PRDM2/ASH1L/KMT2E/EZH1/KMT2A/KMT2C/SETDB1/KMT2D/WDR82/EHMT2/SETD2,11
GO,Naive(iii),Naive(iii),GO:0016278,lysine N-methyltransferase activity,11/691,47/11020,1.1846566002518277e-4,0.0031803473345222142,0.002695453479115495,PRDM2/ASH1L/KMT2E/EZH1/KMT2A/KMT2C/SETDB1/KMT2D/WDR82/EHMT2/SETD2,11
GO,Naive(iii),Naive(iii),GO:0042054,histone methyltransferase activity,11/691,48/11020,1.4510995476942559e-4,0.0036287640586662156,0.003075502037355472,PRDM2/ASH1L/KMT2E/EZH1/KMT2A/KMT2C/SETDB1/KMT2D/WDR82/EHMT2/SETD2,11
GO,Naive(iii),Naive(iii),GO:0005089,Rho guanyl-nucleotide exchange factor activity,12/691,56/11020,1.4556646653675364e-4,0.0036287640586662156,0.003075502037355472,AKAP13/ARHGEF1/TRIO/ITSN2/DOCK11/FGD2/RGL2/PLEKHG1/FARP2/VAV2/FGD3/DOCK2,12
GO,Naive(iii),Naive(iii),GO:0017048,Rho GTPase binding,21/691,140/11020,1.6246247610648474e-4,0.0037799602774108783,0.003203646020064717,AKAP13/ARHGEF1/TRIO/YBX3/ARHGAP4/ITSN2/DOCK11/FLNA/MYO9B/FGD2/FMNL1/IQGAP1/RGL2/PLEKHG1/SRGAP2/FARP2/PKN1/VAV2/LRRK2/FGD3/DOCK2,21
GO,Naive(iii),Naive(iii),GO:0019902,phosphatase binding,21/691,140/11020,1.6246247610648474e-4,0.0037799602774108783,0.003203646020064717,SMAD3/BCL2/STAT6/EIF2AK3/FCRL3/IQGAP1/TP53/MTMR3/JAK3/JAK1/ANAPC5/SYK/AP3B1/LILRB1/PIK3R1/WNK1/PPP1R9B/SFI1/SHOC2/MTMR4/SKAP1,21
GO,Naive(iii),Naive(iii),GO:0008047,enzyme activator activity,42/691,383/11020,2.7061997626221575e-4,0.006025877545309442,0.005107137958775307,ARHGEF1/ARHGAP4/SIPA1L3/SIPA1L1/MYO9B/ARHGAP25/ACAP2/TCL1A/RFC1/NLRP1/NCKAP1L/RALGAPB/TAOK1/IQGAP1/MYO9A/TBC1D10C/ARAP1/ACAP1/NOD1/PRKCE/RABEP2/SRGAP2/USP6NL/ARHGAP12/NF1/RANBP2/RALGAPA1/RABEP1/SIPA1/ARHGAP24/RASGRP3/TBC1D1/TBC1D22A/SMAP2/ARFGAP2/TBC1D9/ARHGAP15/RAF1/WNK1/LRRK2/DNAJC2/DOCK2,42
GO,Naive(iii),Naive(iii),GO:0004012,phospholipid-translocating ATPase activity,6/691,16/11020,2.765455265854616e-4,0.006025877545309442,0.005107137958775307,ATP8A1/ABCA7/ABCA1/ABCB4/ATP10D/ATP9B,6
GO,Naive(iii),Naive(iii),GO:0019903,protein phosphatase binding,16/691,96/11020,2.848910587323948e-4,0.006025877545309442,0.005107137958775307,BCL2/STAT6/EIF2AK3/IQGAP1/TP53/MTMR3/JAK3/JAK1/ANAPC5/AP3B1/LILRB1/PIK3R1/PPP1R9B/SHOC2/MTMR4/SKAP1,16
GO,Naive(iii),Naive(iii),GO:0032452,histone demethylase activity,7/691,23/11020,3.7364357546508444e-4,0.0076706828139596756,0.006501166854841408,JMJD1C/KDM4B/KDM5C/KDM5A/KDM4C/KDM6A/KDM2B,7
GO,Naive(iii),Naive(iii),GO:0005088,Ras guanyl-nucleotide exchange factor activity,22/691,160/11020,4.06845815524381e-4,0.00811366797817194,0.006876611979690289,AKAP13/SPTBN1/CAMK2D/ARHGEF1/TRIO/ITSN2/AKAP9/RAPGEF1/DOCK11/FGD2/DENND4A/RGL2/PLEKHG1/FARP2/VAV2/JAK3/RASGRP3/JAK1/FGD3/DOCK2/DENND4B/TRAPPC8,22
GO,Naive(iii),Naive(iii),GO:0004674,protein serine/threonine kinase activity,41/691,381/11020,4.7165388082371875e-4,0.009144844689304325,0.007750569620553507,AKAP13/CAMK2D/TTN/TRIO/TNK2/ATM/PTK2B/MAP3K1/RPS6KA5/TAOK3/STK17B/EIF2AK3/CDK11A/TAOK1/CAMK1D/SMG1/BMP2K/PRKCE/MAP3K8/PRKCB/TGFBR2/ATR/IKBKB/CDK13/PKN1/PRKD3/PRKDC/MKNK2/MARK3/DYRK1A/CSNK1D/STK10/SNRK/STK24/TAF1/SYK/AKT2/CDK14/RAF1/WNK1/LRRK2,41
GO,Naive(iii),Naive(iii),GO:0099106,ion channel regulator activity,10/691,48/11020,6.537546689039015e-4,0.012332993483646575,0.010452635104523263,STX7/CAMK2D/ITPR1/AKAP9/ANKRD36C/FLNA/STIM2/PRKCB/STIM1/WNK1,10
GO,Naive(iii),Naive(iii),GO:0008170,N-methyltransferase activity,13/691,75/11020,7.064284961562391e-4,0.012975976060975128,0.010997584898609594,PRDM2/ASH1L/KMT2E/EZH1/KMT2A/KMT2C/SETDB1/FBXO11/KMT2D/WDR82/EHMT2/SETD2/RNMT,13
GO,Naive(iii),Naive(iii),GO:0005548,phospholipid transporter activity,9/691,41/11020,8.109873024374105e-4,0.014514593259008014,0.012301615761668683,ATP8A1/ABCA7/ABCA1/PITPNM1/ABCB4/OSBPL10/ATP10D/ATP9B/OSBPL8,9
GO,Naive(iii),Naive(iii),GO:0000976,"transcription regulatory region sequence-specific DNA
binding",48/691,480/11020,8.437873995946475e-4,0.0147240901229266,0.012479171541373473,BACH2/PRDM2/MEF2C/REL/IKZF3/YBX3/POU2F2/AKNA/NLRC5/CHD2/CHD7/JARID2/JMJD1C/TFEB/PAX5/CREBBP/ETS1/TCF3/ZMYND8/SOX4/SMAD3/KMT2A/MLXIP/STAT6/KDM5A/CHD4/SFPQ/EP300/BAZ2A/HIF1A/ELK4/TP53/MZF1/ZNF335/JUND/KDM6A/SATB1/POU2F1/PSPC1/IRF3/GATAD2A/TAF1/SETX/CREBRF/PER1/KDM2B/USF2/UBTF,48
GO,Naive(iii),Naive(iii),GO:0001046,core promoter sequence-specific DNA binding,12/691,68/11020,9.514731649651094e-4,0.016198250466966983,0.013728573009252669,MEF2C/NLRC5/CHD2/SOX4/KMT2A/KDM5A/BAZ2A/TP53/ZNF335/POU2F1/TAF1/UBTF,12
GO,Naive(iii),Naive(iii),GO:0008134,transcription factor binding,49/691,497/11020,0.001019259191024417,0.016925873903583803,0.014345258835491023,FOXP1/DDX5/MEF2C/CIITA/CDK5RAP3/JARID2/JMJD1C/FLNA/CREBBP/FUS/ETS1/CNOT1/TCF3/ZMYND8/HCFC1/NCOR1/BPTF/SMAD3/BCL2/HTT/ARID1A/ADD1/NCOA3/CHD4/EP300/CTBP1/PRKCB/AKAP8/BAZ2A/CRTC1/CDK13/HIF1A/TP53/KDM4C/PKN1/JUND/BDP1/PRKDC/KAT6A/USP7/UBXN7/TLE4/ELMSAN1/TAF1/HNRNPD/PER1/PIK3R1/NFKBID/USF2,49
GO,Naive(iii),Naive(iii),GO:0004672,protein kinase activity,47/691,472/11020,0.0010427114295904062,0.016925873903583803,0.014345258835491023,AKAP13/CAMK2D/TTN/TRIO/TNK2/ATM/CNTRL/PTK2B/MAP3K1/RPS6KA5/TAOK3/STK17B/EIF2AK3/CDK11A/BLK/TAOK1/CAMK1D/SMG1/BMP2K/PRKCE/MAP3K8/PRKCB/TGFBR2/ATR/IKBKB/CDK13/PKN1/PRKD3/PRKDC/MKNK2/TRIM28/MARK3/DYRK1A/CSNK1D/STK10/JAK3/SNRK/JAK1/STK24/TAF1/SYK/WEE1/AKT2/CDK14/RAF1/WNK1/LRRK2,47
GO,Naive(iii),Naive(iii),GO:0003730,mRNA 3'-UTR binding,10/691,52/11020,0.0012604807699489538,0.019995808577826586,0.01694713379692134,DDX5/YBX3/RC3H1/HNRNPA2B1/CPSF1/PUM1/TP53/PUM2/KHSRP/HNRNPD,10
GO,Naive(iii),Naive(iii),GO:0008276,protein methyltransferase activity,12/691,71/11020,0.0014083922525682405,0.02184572871761404,0.018515004583470204,PRDM2/ASH1L/KMT2E/EZH1/KMT2A/KMT2C/SETDB1/FBXO11/KMT2D/WDR82/EHMT2/SETD2,12
GO,Naive(iii),Naive(iii),GO:0061733,peptide-lysine-N-acetyltransferase activity,10/691,53/11020,0.0014681444923136868,0.02227749686162942,0.018880942898862517,CREBBP/HCFC1/KANSL1/NCOA3/EP300/ESCO1/USP22/KAT6A/TAF1/KANSL2,10
GO,Naive(iii),Naive(iii),GO:0042800,histone methyltransferase activity (H3-K4 specific),5/691,15/11020,0.0016916889716448137,0.024883457197093166,0.021089583689890456,ASH1L/KMT2A/KMT2C/KMT2D/WDR82,5
GO,Naive(iii),Naive(iii),GO:0001784,phosphotyrosine residue binding,7/691,29/11020,0.0017111833029519656,0.024883457197093166,0.021089583689890456,CBLB/NCK2/PLCG2/VAV2/SYK/PIK3R1/CBL,7
GO,Naive(iii),Naive(iii),GO:0005154,epidermal growth factor receptor binding,6/691,22/11020,0.001864034893289002,0.026400486912569285,0.022375318420847442,MS4A1/TNK2/SNX2/SNX1/VAV2/CBL,6
GO,Naive(iii),Naive(iii),GO:0016247,channel regulator activity,11/691,64/11020,0.0019136564530174648,0.026400486912569285,0.022375318420847442,STX7/CAMK2D/ITPR1/AKAP9/ANKRD36C/FLNA/BCL2/STIM2/PRKCB/STIM1/WNK1,11
GO,Naive(iii),Naive(iii),GO:0035064,methylated histone binding,10/691,55/11020,0.001966798451939259,0.026400486912569285,0.022375318420847442,ATRX/KMT2E/ZMYND8/MPHOSPH8/BPTF/KDM5A/ING5/ING1/CHD1/TAF1,10
GO,Naive(iii),Naive(iii),GO:0140034,methylation-dependent protein binding,10/691,55/11020,0.001966798451939259,0.026400486912569285,0.022375318420847442,ATRX/KMT2E/ZMYND8/MPHOSPH8/BPTF/KDM5A/ING5/ING1/CHD1/TAF1,10
GO,Naive(iii),Naive(iii),GO:0051427,hormone receptor binding,18/691,137/11020,0.0022287304342118314,0.02935195930339355,0.024876792532811307,FOXP1/DDX5/JMJD1C/FUS/CNOT1/NCOR1/SMAD3/GNAS/ARID1A/NCOA3/EP300/PRKCB/BAZ2A/HIF1A/KDM4C/PKN1/JUND/JAK1,18
GO,Naive(iii),Naive(iii),GO:0016248,channel inhibitor activity,6/691,23/11020,0.0023900553584033247,0.030317510869351645,0.02569513061163569,STX7/CAMK2D/ITPR1/ANKRD36C/BCL2/WNK1,6
GO,Naive(iii),Naive(iii),GO:0019787,ubiquitin-like protein transferase activity,39/691,389/11020,0.002407412154904251,0.030317510869351645,0.02569513061163569,BACH2/RNF213/MARCH1/MDM4/BIRC3/CBLB/HECTD4/RC3H1/HERC2/WSB1/HUWE1/CUL3/BIRC6/MPHOSPH8/MARCH6/UBA7/UBR2/TRIM33/RC3H2/UNKL/HECTD1/RBBP6/FBXO11/RANBP2/UBE2O/TRIM28/UBR1/FBXW11/MYLIP/ANAPC5/PJA2/TAF1/AMFR/HERC1/ARIH1/CNOT4/LTN1/ZNF451/CBL,39
GO,Naive(iii),Naive(iii),GO:0004842,ubiquitin-protein transferase activity,37/691,364/11020,0.002432350442240247,0.030317510869351645,0.02569513061163569,BACH2/RNF213/MARCH1/MDM4/BIRC3/CBLB/HECTD4/RC3H1/HERC2/WSB1/HUWE1/CUL3/BIRC6/MPHOSPH8/MARCH6/UBA7/UBR2/TRIM33/RC3H2/UNKL/HECTD1/RBBP6/FBXO11/UBE2O/TRIM28/UBR1/FBXW11/MYLIP/ANAPC5/PJA2/TAF1/AMFR/HERC1/ARIH1/CNOT4/LTN1/CBL,37
GO,Naive(iii),Naive(iii),GO:0032451,demethylase activity,7/691,31/11020,0.0025844039381959618,0.03164761313790845,0.026822437918118756,JMJD1C/KDM4B/KDM5C/KDM5A/KDM4C/KDM6A/KDM2B,7
GO,Naive(iii),Naive(iii),GO:0016922,ligand-dependent nuclear receptor binding,5/691,17/11020,0.0031391311644670982,0.03713751784403448,0.031475320507234776,NCOR1/ARID1A/NCOA3/BAZ2A/JUND,5
GO,Naive(iii),Naive(iii),GO:0043325,"phosphatidylinositol-3,4-bisphosphate binding",5/691,17/11020,0.0031391311644670982,0.03713751784403448,0.031475320507234776,HIP1R/PLEKHA2/SESTD1/DAPP1/PLEKHA1,5
GO,Naive(iii),Naive(iii),GO:0035091,phosphatidylinositol binding,22/691,187/11020,0.0032045839451171985,0.037279993228196744,0.03159607328343624,SNX29/ITPR1/HIP1R/FGD2/PLEKHA2/ACAP2/PITPNM1/IQGAP1/ARAP1/ANKFY1/NUMA1/RUFY3/SNX2/ITPR2/SNX1/SESTD1/DAPP1/PLEKHA1/SNX14/KRIT1/SNX9/OSBPL8,22
GO,Naive(iii),Naive(iii),GO:0005543,phospholipid binding,30/691,284/11020,0.0034467096766757827,0.039439399251142565,0.033426243973973944,IGHM/SNX29/SPTBN1/ITPR1/PSD4/HIP1R/FGD2/ABCA1/MCTP2/PLEKHA2/ACAP2/PITPNM1/IQGAP1/ARAP1/ANKFY1/OSBPL10/NUMA1/RUFY3/NF1/DGKA/SNX2/ITPR2/SNX1/SESTD1/DAPP1/PLEKHA1/SNX14/KRIT1/SNX9/OSBPL8,30
GO,Naive(iii),Naive(iii),GO:0003713,transcription coactivator activity,28/691,260/11020,0.003532774282646903,0.03977220079496029,0.033708304700298126,DDX17/CIITA/ARID1B/CREBBP/FUS/TCF3/HCFC1/SOX4/ARID1A/SMARCA2/KDM5A/NCOA3/MED23/ZFX/ZMIZ2/EP300/PRKCB/CCAR1/PKN1/USP22/JUND/TRIM28/KAT6A/MAML2/TAF1/CALCOCO1/NPAT/MYSM1,28
GO,Naive(iii),Naive(iii),GO:0002039,p53 binding,10/691,60/11020,0.0038241679974141424,0.04106568095684725,0.0348045735149271,CREBBP/HTT/EP300/HIF1A/TP53/USP7/EHMT2/TAF1/BRD4/BANP,10
GO,Naive(iii),Naive(iii),GO:0034212,peptide N-acetyltransferase activity,10/691,60/11020,0.0038241679974141424,0.04106568095684725,0.0348045735149271,CREBBP/HCFC1/KANSL1/NCOA3/EP300/ESCO1/USP22/KAT6A/TAF1/KANSL2,10
GO,Naive(iii),Naive(iii),GO:0035591,signaling adaptor activity,10/691,60/11020,0.0038241679974141424,0.04106568095684725,0.0348045735149271,FCRL2/AKAP13/ARHGAP4/ITSN2/NCK2/MAPK8IP3/HSH2D/PIK3R1/SH2D3A/SKAP1,10
GO,Naive(iii),Naive(iii),GO:0004402,histone acetyltransferase activity,9/691,51/11020,0.004022131892116342,0.04212854085241621,0.03570538374160445,CREBBP/HCFC1/KANSL1/NCOA3/EP300/USP22/KAT6A/TAF1/KANSL2,9
GO,Naive(iii),Naive(iii),GO:0004715,non-membrane spanning protein tyrosine kinase activity,8/691,42/11020,0.004043857073226198,0.04212854085241621,0.03570538374160445,TNK2/PTK2B/BLK/DYRK1A/JAK3/JAK1/SYK/WEE1,8
GO,Naive(iii),Naive(iii),GO:0001191,"transcriptional repressor activity, RNA polymerase II
transcription factor binding",7/691,34/11020,0.004489594347828888,0.0460843655115377,0.039058080858820975,PARP15/N4BP2L2/CREBBP/ZMYND8/CTBP1/SIN3B/ZNF451,7
GO,NR4A+,NR4A+,GO:0000976,"transcription regulatory region sequence-specific DNA
binding",44/318,480/11020,6.96256238631287e-12,3.80852162531314e-9,3.1661336325127997e-9,NR4A2/FOSB/JUNB/FOS/KLF6/NR4A1/REL/JUND/H3F3B/KDM6B/CREM/NR4A3/JUN/SKIL/PER1/DDIT3/ELF1/NFKB2/GTF2B/SFPQ/RELB/STAT3/H3F3A/TGIF1/NFKB1/PRDM2/NFE2L2/LRRFIP1/EGR1/JMJD1C/KLF4/BACH1/HIF1A/CHD2/IRF1/NR1H2/NR3C1/IRF8/BCL6/BHLHE40/IVNS1ABP/LITAF/HMGA1/EGR2,44
GO,NR4A+,NR4A+,GO:0001228,"transcriptional activator activity, RNA polymerase II
transcription regulatory region sequence-specific DNA
binding",29/318,236/11020,3.565559359035465e-11,9.751804846961997e-9,8.106956016333269e-9,NR4A2/FOSB/JUNB/FOS/KLF6/NR4A1/REL/JUND/CREM/NR4A3/CSRNP1/JUN/DDIT3/ELF1/NFKB2/STAT3/NFKB1/PRDM2/NFE2L2/EGR1/KLF4/BACH1/HIF1A/IRF1/NR1H2/NR3C1/LITAF/HMGA1/EGR2,29
GO,NR4A+,NR4A+,GO:0000977,"RNA polymerase II regulatory region sequence-specific DNA
binding",39/318,423/11020,1.0360409781880098e-10,1.750440478203789e-8,1.4551915454325737e-8,NR4A2/FOSB/JUNB/FOS/KLF6/NR4A1/REL/JUND/H3F3B/KDM6B/CREM/NR4A3/JUN/SKIL/PER1/DDIT3/ELF1/NFKB2/GTF2B/SFPQ/RELB/STAT3/H3F3A/TGIF1/NFKB1/PRDM2/NFE2L2/LRRFIP1/EGR1/BACH1/HIF1A/IRF1/NR1H2/NR3C1/IRF8/BCL6/BHLHE40/LITAF/EGR2,39
GO,NR4A+,NR4A+,GO:0001012,RNA polymerase II regulatory region DNA binding,39/318,426/11020,1.280029600149023e-10,1.750440478203789e-8,1.4551915454325737e-8,NR4A2/FOSB/JUNB/FOS/KLF6/NR4A1/REL/JUND/H3F3B/KDM6B/CREM/NR4A3/JUN/SKIL/PER1/DDIT3/ELF1/NFKB2/GTF2B/SFPQ/RELB/STAT3/H3F3A/TGIF1/NFKB1/PRDM2/NFE2L2/LRRFIP1/EGR1/BACH1/HIF1A/IRF1/NR1H2/NR3C1/IRF8/BCL6/BHLHE40/LITAF/EGR2,39
GO,NR4A+,NR4A+,GO:0000982,"transcription factor activity, RNA polymerase II proximal
promoter sequence-specific DNA binding",28/318,254/11020,1.0059424652012928e-9,1.1005010569302144e-7,9.148781999304389e-8,NR4A2/FOSB/JUNB/FOS/KLF6/NR4A1/JUND/BTG2/NR4A3/JUN/SKIL/DDIT3/ELF1/NFKB2/STAT3/TGIF1/LRRFIP1/EGR1/KLF4/BACH1/HIF1A/IRF1/NR1H2/NR3C1/IRF8/BHLHE40/LITAF/EGR2,28
GO,NR4A+,NR4A+,GO:0001077,"transcriptional activator activity, RNA polymerase II
proximal promoter sequence-specific DNA binding",21/318,159/11020,5.41372270111941e-9,4.935510529187196e-7,4.1030319419010263e-7,NR4A2/FOSB/JUNB/FOS/KLF6/NR4A1/JUND/NR4A3/JUN/DDIT3/ELF1/NFKB2/STAT3/EGR1/KLF4/HIF1A/IRF1/NR1H2/NR3C1/LITAF/EGR2,21
GO,NR4A+,NR4A+,GO:0000987,proximal promoter sequence-specific DNA binding,27/318,290/11020,7.591608259094135e-8,5.932299596749273e-6,4.931691380343859e-6,NR4A2/FOSB/JUNB/FOS/KLF6/NR4A1/JUND/KDM6B/NR4A3/JUN/SKIL/PER1/DDIT3/ELF1/NFKB2/STAT3/TGIF1/LRRFIP1/KLF4/HIF1A/IRF1/NR1H2/NR3C1/IRF8/BHLHE40/LITAF/EGR2,27
GO,NR4A+,NR4A+,GO:0008134,transcription factor binding,37/318,497/11020,1.0473566093047041e-7,7.161300816120914e-6,5.953395463416212e-6,NR4A2/FOSB/JUNB/FOS/NR4A1/TSC22D3/JUND/CREM/NFKBID/NR4A3/DNAJA1/JUN/DDX3X/YWHAZ/PER1/DDIT3/GTF2B/STAT3/FUS/NFKBIA/NFKB1/IFRD1/NFE2L2/JMJD1C/RPL23/KLF4/HIF1A/STK4/NR1H2/CCNT1/BUD31/BHLHE40/BCL2/ELMSAN1/ID3/HMGA1/EGR2,37
GO,NR4A+,NR4A+,GO:0000978,"RNA polymerase II proximal promoter sequence-specific DNA
binding",26/318,283/11020,1.7412710015423295e-7,9.9579570576597e-6,8.278336281937825e-6,NR4A2/FOSB/JUNB/FOS/KLF6/NR4A1/JUND/KDM6B/NR4A3/JUN/SKIL/PER1/DDIT3/ELF1/NFKB2/STAT3/TGIF1/LRRFIP1/HIF1A/IRF1/NR1H2/NR3C1/IRF8/BHLHE40/LITAF/EGR2,26
GO,NR4A+,NR4A+,GO:0051082,unfolded protein binding,15/318,101/11020,1.8204674694076235e-7,9.9579570576597e-6,8.278336281937825e-6,DNAJA1/DNAJB1/HSPH1/HSPE1/HSP90AB1/HSPA8/TUBB4B/CDC37/PIKFYVE/HSPD1/SRSF10/HSP90AA1/HSPA9/HSPA1B/HSPA1A,15
GO,NR4A+,NR4A+,GO:0031625,ubiquitin protein ligase binding,25/318,268/11020,2.2655252308099617e-7,1.1265839102300446e-5,9.365616265166542e-6,CXCR4/CDKN1A/DNAJA1/JUN/YWHAZ/PER1/ATP6V0C/SQSTM1/NFKBIA/LYN/RPL23/HSPA8/SNX9/HIF1A/TRAF4/HSPD1/PRKAR1A/MAP1LC3B/UBC/HSPA9/BCL2/PTPN22/EGR2/HSPA1B/HSPA1A,25
GO,NR4A+,NR4A+,GO:0044389,ubiquitin-like protein ligase binding,25/318,281/11020,5.565450273674481e-7,2.536917749749951e-5,2.109012735287172e-5,CXCR4/CDKN1A/DNAJA1/JUN/YWHAZ/PER1/ATP6V0C/SQSTM1/NFKBIA/LYN/RPL23/HSPA8/SNX9/HIF1A/TRAF4/HSPD1/PRKAR1A/MAP1LC3B/UBC/HSPA9/BCL2/PTPN22/EGR2/HSPA1B/HSPA1A,25
GO,NR4A+,NR4A+,GO:0031072,heat shock protein binding,14/318,97/11020,6.7275025694594e-7,2.8307260811494555e-5,2.3532640566853935e-5,ZFP36/DNAJA1/DNAJB1/HSPH1/NFKBIA/HSP90AB1/HSPA8/HIF1A/CDC37/NR3C1/HSPA9/CDKN1B/HSPA1B/HSPA1A,14
GO,NR4A+,NR4A+,GO:0003735,structural constituent of ribosome,17/318,154/11020,2.1023407040133505e-6,8.214145464966447e-5,6.828655519802764e-5,RPS26/RPL34/RPS29/RPL38/RPLP2/RPS2/RPL13A/RPS20/RPL17/RPS11/RPL31/RPL7/RPS10/RPL27A/RPL23/RPL22L1/RSL24D1,17
GO,NR4A+,NR4A+,GO:0003729,mRNA binding,18/318,175/11020,2.939340335413415e-6,1.0718794423140921e-4,8.910842279990143e-5,RPS26/RPS2/ZFP36/RPL13A/PABPC1/ZFP36L1/RPL7/DDX3X/RBM8A/ZFP36L2/EIF4A3/SLBP/ZC3H12A/RBMX/EIF4A1/G3BP2/TRA2B/SRSF3,18
GO,NR4A+,NR4A+,GO:0044183,protein binding involved in protein folding,8/318,35/11020,5.249082430420898e-6,1.7945300559001444e-4,1.4918444802248867e-4,HSPH1/HSPA8/PIKFYVE/HSPD1/HSPA9/RIC3/HSPA1B/HSPA1A,8
GO,NR4A+,NR4A+,GO:0019207,kinase regulator activity,16/318,162/11020,1.755769186704508e-5,5.649445559572741e-4,4.696546678986672e-4,RHOH/CDKN1A/CKS2/DDX3X/SOCS3/CCNH/CCNL1/HSP90AB1/KLF4/CDC37/STK4/CD24/PRKAR1A/CCNT1/CDKN1B/RGCC,16
GO,NR4A+,NR4A+,GO:0003705,"transcription factor activity, RNA polymerase II distal
enhancer sequence-specific binding",9/318,61/11020,5.7329551626933015e-5,0.0017421813744406866,0.0014483255147856762,REL/JUN/NFKB1/NFE2L2/BACH1/HIF1A/IRF8/BHLHE40/HMGA1,9
GO,NR4A+,NR4A+,GO:0019887,protein kinase regulator activity,14/318,144/11020,6.991818245800219e-5,0.002012907673922484,0.0016733880787732382,CDKN1A/CKS2/DDX3X/SOCS3/CCNH/CCNL1/HSP90AB1/CDC37/STK4/CD24/PRKAR1A/CCNT1/CDKN1B/RGCC,14
GO,NR4A+,NR4A+,GO:0035326,enhancer binding,10/318,78/11020,7.67695350551721e-5,0.0020996467837589568,0.0017454967970439129,REL/H3F3B/JUN/SFPQ/H3F3A/NFKB1/NFE2L2/BACH1/TIPARP/HMGA1,10
GO,NR4A+,NR4A+,GO:0001047,core promoter binding,12/318,111/11020,8.274077902328136e-5,0.002155200291701662,0.0017916800269703033,FOS/H3F3B/NR4A3/GTF2B/SFPQ/RELB/H3F3A/KLF4/CHD2/RBMX/NR3C1/DHX36,12
GO,NR4A+,NR4A+,GO:0001158,enhancer sequence-specific DNA binding,9/318,66/11020,1.0783174069864392e-4,0.00268108918918901,0.0022288666020006784,REL/H3F3B/JUN/SFPQ/H3F3A/NFKB1/NFE2L2/BACH1/HMGA1,9
GO,NR4A+,NR4A+,GO:0016538,"cyclin-dependent protein serine/threonine kinase regulator
activity",6/318,28/11020,1.2127993955194577e-4,0.0028843533449962756,0.0023978459444595228,CDKN1A/CKS2/CCNH/CCNL1/CCNT1/CDKN1B,6
GO,NR4A+,NR4A+,GO:0017091,AU-rich element binding,5/318,19/11020,1.6154760280295082e-4,0.003681939113883921,0.0030609019478453838,ZFP36/ZFP36L1/HNRNPA0/ZFP36L2/ZC3H12A,5
GO,NR4A+,NR4A+,GO:0017017,MAP kinase tyrosine/serine/threonine phosphatase activity,4/318,11/11020,1.9123839491312744e-4,0.004023361616056951,0.003344736299695185,DUSP1/DUSP2/DUSP10/DUSP4,4
GO,NR4A+,NR4A+,GO:0035925,mRNA 3'-UTR AU-rich region binding,4/318,11/11020,1.9123839491312744e-4,0.004023361616056951,0.003344736299695185,ZFP36/ZFP36L1/ZFP36L2/ZC3H12A,4
GO,NR4A+,NR4A+,GO:0000980,"RNA polymerase II distal enhancer sequence-specific DNA
binding",8/318,57/11020,2.1223208665326597e-4,0.004299664866642092,0.003574435143633953,REL/H3F3B/JUN/SFPQ/H3F3A/NFKB1/NFE2L2/BACH1,8
GO,NR4A+,NR4A+,GO:0033549,MAP kinase phosphatase activity,4/318,12/11020,2.803581162866048e-4,0.005288134124440442,0.00439617808478451,DUSP1/DUSP2/DUSP10/DUSP4,4
GO,NR4A+,NR4A+,GO:0046965,retinoid X receptor binding,4/318,12/11020,2.803581162866048e-4,0.005288134124440442,0.00439617808478451,NR4A2/FUS/NR1H2/HMGA1,4
GO,NR4A+,NR4A+,GO:0035257,nuclear hormone receptor binding,12/318,128/11020,3.2163981882264486e-4,0.005864566029866225,0.004875382516890617,NR4A2/NR4A1/JUND/NR4A3/GTF2B/STAT3/FUS/JMJD1C/HIF1A/NR1H2/BUD31/HMGA1,12
GO,NR4A+,NR4A+,GO:0003725,double-stranded RNA binding,8/318,62/11020,3.8327718955936507e-4,0.0063676418964863386,0.005293603962825167,DDX3X/DDX21/HSP90AB1/LRRFIP1/TUBB4B/HSPD1/EIF4A1/DHX36,8
GO,NR4A+,NR4A+,GO:0001637,G-protein coupled chemoattractant receptor activity,4/318,13/11020,3.957949259241965e-4,0.0063676418964863386,0.005293603962825167,CXCR4/CXCR5/CCR6/CCR7,4
GO,NR4A+,NR4A+,GO:0004950,chemokine receptor activity,4/318,13/11020,3.957949259241965e-4,0.0063676418964863386,0.005293603962825167,CXCR4/CXCR5/CCR6/CCR7,4
GO,NR4A+,NR4A+,GO:0035259,glucocorticoid receptor binding,4/318,13/11020,3.957949259241965e-4,0.0063676418964863386,0.005293603962825167,NR4A2/NR4A1/NR4A3/STAT3,4
GO,NR4A+,NR4A+,GO:0003682,chromatin binding,25/318,418/11020,4.543795792845107e-4,0.00710130371053221,0.00590351814288447,FOS/REL/H3F3B/KDM6B/JUN/CKS2/SKIL/PER1/NFKB2/GTF2B/SFPQ/RELB/STAT3/H3F3A/NFKB1/EGR1/JMJD1C/KLF4/BRD2/ZC3H12A/RBMX/CCNT1/BCL6/HMGA1/EGR2,25
GO,NR4A+,NR4A+,GO:0051087,chaperone binding,9/318,80/11020,4.7459599218933397e-4,0.007211222436876824,0.00599489674344422,DNAJA1/DNAJB1/HSPE1/PRNP/CDC37/ATP1A1/HSPD1/BIRC2/CDKN1B,9
GO,NR4A+,NR4A+,GO:0001205,"transcriptional activator activity, RNA polymerase II distal
enhancer sequence-specific DNA binding",5/318,24/11020,5.244797604636411e-4,0.007549748130884518,0.006276322895298974,REL/NFKB1/NFE2L2/BACH1/HMGA1,5
GO,NR4A+,NR4A+,GO:0051787,misfolded protein binding,5/318,24/11020,5.244797604636411e-4,0.007549748130884518,0.006276322895298974,HSPH1/HSPA8/HSPA9/HSPA1B/HSPA1A,5
GO,NR4A+,NR4A+,GO:0051427,hormone receptor binding,12/318,137/11020,5.982879804916336e-4,0.008391372444331373,0.006975989408161558,NR4A2/NR4A1/JUND/NR4A3/GTF2B/STAT3/FUS/JMJD1C/HIF1A/NR1H2/BUD31/HMGA1,12
GO,NR4A+,NR4A+,GO:0019956,chemokine binding,4/318,17/11020,0.001202435566587656,0.0164433063730862,0.013669793809628092,CXCR4/ZFP36/CCR6/CCR7,4
GO,NR4A+,NR4A+,GO:0005198,structural molecule activity,25/318,449/11020,0.0012698690716922748,0.01694191176135791,0.014084298818255783,RPS26/RPL34/RPS29/RPL38/RPLP2/RPS2/RPL13A/RPS20/RPL17/RPS11/RPL31/RPL7/TUBA1A/RPS10/RPL27A/NUP58/RPL23/TUBB4B/RPL22L1/AKAP13/TUBB2A/RSL24D1/G3BP2/TUBA4A/LMNA,25
GO,NR4A+,NR4A+,GO:0016887,ATPase activity,20/318,329/11020,0.0013745168193018515,0.01790144524185983,0.014881986614997492,DDX3X/ATP6V0C/CCNH/DDX21/HSPH1/CHD1/SMCHD1/HSPA8/EIF4A3/ATP1A1/CHD2/ATP1B3/HSPD1/EIF4A1/HSP90AA1/HSPA9/DHX36/YME1L1/HSPA1B/HSPA1A,20
GO,NR4A+,NR4A+,GO:0070412,R-SMAD binding,4/318,18/11020,0.001511160680556473,0.01922336958754397,0.015980940367206764,FOS/JUN/LDLRAD4/RGCC,4
GO,NR4A+,NR4A+,GO:0004879,nuclear receptor activity,5/318,32/11020,0.0020572557217172585,0.025007086217318675,0.02078911045103756,NR4A2/NR4A1/NR4A3/STAT3/NR1H2,5
GO,NR4A+,NR4A+,GO:0098531,"transcription factor activity, direct ligand regulated
sequence-specific DNA binding",5/318,32/11020,0.0020572557217172585,0.025007086217318675,0.02078911045103756,NR4A2/NR4A1/NR4A3/STAT3/NR1H2,5
GO,NR4A+,NR4A+,GO:0042974,retinoic acid receptor binding,4/318,20/11020,0.0022862364005985128,0.027186332850595362,0.0226007808937885,NR4A2/FUS/NR1H2/HMGA1,4
GO,NR4A+,NR4A+,GO:0042623,"ATPase activity, coupled",17/318,276/11020,0.002695446975666885,0.03137041480191034,0.026079128633551947,DDX3X/ATP6V0C/CCNH/DDX21/HSPH1/CHD1/HSPA8/EIF4A3/ATP1A1/CHD2/ATP1B3/EIF4A1/HSPA9/DHX36/YME1L1/HSPA1B/HSPA1A,17
GO,NR4A+,NR4A+,GO:0001076,"transcription factor activity, RNA polymerase II
transcription factor binding",11/318,145/11020,0.003167758103698881,0.0360992433900685,0.030010339929778876,FOS/KDM6B/JUN/DNAJB1/KLF4/HIF1A/NR1H2/NR3C1/BHLHE40/ID3/HSPA1A,11
GO,NR4A+,NR4A+,GO:0030295,protein kinase activator activity,6/318,51/11020,0.0033242621795688512,0.037109620657635956,0.030850295629940794,CDKN1A/CKS2/DDX3X/STK4/CD24/RGCC,6
GO,NR4A+,NR4A+,GO:0008138,protein tyrosine/serine/threonine phosphatase activity,5/318,36/11020,0.003505764640221425,0.03835306516402239,0.0318840068331717,DUSP1/DUSP2/PTP4A1/DUSP10/DUSP4,5
GO,NR4A+,NR4A+,GO:0070717,poly-purine tract binding,4/318,23/11020,0.0039034396633008065,0.041651449942543245,0.03462604902372497,PABPC1/DDX3X/EIF4A3/TRA2B,4
GO,NR4A+,NR4A+,GO:0003707,steroid hormone receptor activity,5/318,37/11020,0.003959552828175957,0.041651449942543245,0.03462604902372497,NR4A2/NR4A1/NR4A3/NR1H2/NR3C1,5
GO,NR4A+,NR4A+,GO:0001085,RNA polymerase II transcription factor binding,9/318,109/11020,0.0042176710613531345,0.043529548501135176,0.03618736640525431,FOS/JUN/STAT3/IFRD1/NFE2L2/KLF4/BHLHE40/ID3/EGR2,9
GO,NR4A+,NR4A+,GO:0001102,RNA polymerase II activating transcription factor binding,5/318,38/11020,0.004453845767739779,0.04429552063552108,0.03682414108447052,FOS/JUN/NFE2L2/BHLHE40/EGR2,5
GO,NR4A+,NR4A+,GO:0001221,transcription cofactor binding,5/318,38/11020,0.004453845767739779,0.04429552063552108,0.03682414108447052,NR4A3/PER1/NFE2L2/RPL23/KLF4,5
GO,NR4A+,NR4A+,GO:0042826,histone deacetylase binding,8/318,91/11020,0.004689235606010127,0.045803783508706064,0.038078003417225094,SFPQ/HSP90AB1/KLF4/HIF1A/HSP90AA1/DHX36/HSPA1B/HSPA1A,8
GO,LMNA+,LMNA+,GO:0003735,structural constituent of ribosome,38/273,154/11020,1.0008121198737823e-27,5.3243204777285215e-25,4.888177090751947e-25,RPS14/RPS15A/RPL41/RPS29/RPLP1/RPS21/RPL39/RPL28/RPS27/RPL14/RPL32/RPS28/RPS18/RPL30/RPLP2/RPL36/RPL34/RPL11/RPS7/RPS15/RPL23A/RPL35A/RPL27/RPS6/RPL19/RPL12/RPL21/RPS12/RPS3/RPL9/UBA52/RPL24/RPS4X/RPL38/RPL4/RPL27A/RPL36AL/RPS4Y1,38
GO,LMNA+,LMNA+,GO:0005198,structural molecule activity,52/273,449/11020,2.8760972198285706e-21,7.650418604743998e-19,7.023732157897142e-19,RPS14/RPS15A/RPL41/RPS29/RPLP1/RPS21/ACTG1/RPL39/RPL28/RPS27/RPL14/RPL32/RPS28/RPS18/RPL30/RPLP2/RPL36/RPL34/RPL11/RPS7/RPS15/RPL23A/ACTB/RPL35A/RPL27/RPS6/RPL19/RPL12/RPL21/RPS12/RPS3/RPL9/UBA52/RPL24/RPS4X/AHNAK/VIM/LMNA/RPL38/RPL4/RPL27A/ARPC1B/RPL36AL/TPM3/ARPC2/TUBB/TUBB4B/ISCU/TUBA1A/RPS4Y1/G3BP2/MBP,52
GO,LMNA+,LMNA+,GO:0042605,peptide antigen binding,8/273,20/11020,1.2465121494989552e-8,2.2104815451114807e-6,2.0294092539211064e-6,HLA-DRA/HLA-DPA1/HLA-DQA1/HLA-DPB1/HLA-A/HLA-DQB1/HLA-B/HLA-C,8
GO,LMNA+,LMNA+,GO:0045296,cadherin binding,25/273,274/11020,1.7622311814147572e-8,2.343767471281627e-6,2.151777021516967e-6,RPL14/RPL34/RPL23A/PFN1/RPL24/AHNAK/HSPA8/TAGLN2/CLIC1/ITGB1/CAPG/YWHAZ/FXYD5/EZR/HSP90AB1/S100A11/LRRFIP1/DNAJB1/EIF3E/PTPN1/CAST/PKM/CAPZB/FLNA/ANXA2,25
GO,LMNA+,LMNA+,GO:0019843,rRNA binding,10/273,56/11020,9.620438359252873e-7,1.0236146414245058e-4,9.397649260407017e-5,RPS14/RPS18/RPL11/RPL23A/RPL12/RPS3/RPL9/RPS4X/SBDS/RPS4Y1,10
GO,LMNA+,LMNA+,GO:0023026,MHC class II protein complex binding,6/273,16/11020,1.4221268510474806e-6,1.2609524745954329e-4,1.1576611559404054e-4,HLA-DRA/CD74/HSPA8/HSP90AB1/HSP90AA1/PKM,6
GO,LMNA+,LMNA+,GO:0044548,S100 protein binding,5/273,10/11020,2.0477178955155764e-6,1.2722684777185042e-4,1.1680502051076098e-4,S100A6/AHNAK/EZR/S100A11/ANXA2,5
GO,LMNA+,LMNA+,GO:0050839,cell adhesion molecule binding,26/273,375/11020,2.050597027439966e-6,1.2722684777185042e-4,1.1680502051076098e-4,RPL14/RPL34/RPL23A/PFN1/RPL24/AHNAK/HSPA8/TAGLN2/CLIC1/ITGB1/CAPG/YWHAZ/FXYD5/EZR/HSP90AB1/S100A11/LRRFIP1/DNAJB1/EIF3E/PTPN1/CAST/PKM/CAPZB/FLNA/ANXA2/NCR3,26
GO,LMNA+,LMNA+,GO:0023023,MHC protein complex binding,6/273,17/11020,2.1523338908771687e-6,1.2722684777185042e-4,1.1680502051076098e-4,HLA-DRA/CD74/HSPA8/HSP90AB1/HSP90AA1/PKM,6
GO,LMNA+,LMNA+,GO:0005200,structural constituent of cytoskeleton,8/273,62/11020,1.3577571157200166e-4,0.0072232678556304886,0.006631571596779871,ACTG1/ACTB/VIM/ARPC1B/ARPC2/TUBB/TUBB4B/TUBA1A,8
GO,LMNA+,LMNA+,GO:0003779,actin binding,18/273,279/11020,1.9984974232323643e-4,0.009665460265087435,0.008873711046696814,TMSB4X/PFN1/S100A4/CFL1/COTL1/ITGB1/CAPG/ARPC1B/TPM3/FXYD5/ARPC2/EZR/MARCKS/LSP1/WIPF1/BCL7B/CAPZB/FLNA,18
GO,LMNA+,LMNA+,GO:0044325,ion channel binding,8/273,75/11020,5.134504580570224e-4,0.02276297030719466,0.0208983344331981,S100A10/PDE4D/CALM1/YWHAZ/HSP90AB1/CIB1/FLNA/TSPO,8
GO,LMNA+,LMNA+,GO:0051015,actin filament binding,10/273,117/11020,6.400189413916815e-4,0.02410499463765031,0.022130426418420546,CFL1/CAPG/ARPC1B/TPM3/ARPC2/EZR/MARCKS/WIPF1/CAPZB/FLNA,10
GO,LMNA+,LMNA+,GO:0097718,disordered domain specific binding,5/273,29/11020,6.558058747555421e-4,0.02410499463765031,0.022130426418420546,GAPDH/CALM1/EZR/HSP90AB1/HSP90AA1,5
GO,LMNA+,LMNA+,GO:0019956,chemokine binding,4/273,17/11020,6.796521044450275e-4,0.02410499463765031,0.022130426418420546,ITGB1/PLP2/ZFP36/CCR7,4
GO,LMNA+,LMNA+,GO:0042277,peptide binding,12/273,171/11020,0.0011193353753880771,0.03721790123165356,0.03416918514342551,HLA-DRA/CRIP1/CD74/HLA-DPA1/HLA-DQA1/HLA-DPB1/HLA-A/HLA-DQB1/NFKBIA/HLA-B/HLA-C/HSP90AB1,12
GO,Memory,Memory,GO:0042605,peptide antigen binding,13/205,20/11020,1.5086043745385682e-18,5.672352448265017e-16,5.018094551096713e-16,HLA-A/HLA-B/HLA-DRB1/HLA-DRB5/HLA-DPB1/HLA-DRA/HLA-C/HLA-E/HLA-DPA1/HLA-DQB1/HLA-F/TAP1/HLA-G,13
GO,Memory,Memory,GO:0003779,actin binding,31/205,279/11020,6.370770344587337e-16,1.1977048247824192e-13,1.0595596994155782e-13,TMSB4X/PFN1/COTL1/CORO1A/ARPC1B/S100A4/LSP1/ARPC2/CFL1/TPM3/CAPG/ARPC3/PPP1R18/HCLS1/LCP1/FXYD5/FLNA/CAPZB/WDR1/MYH9/MYO1G/ACTN4/ARPC5L/TLN1/CORO1B/GSN/ITGB1/YWHAH/VASP/MYO1F/PLEC,31
GO,Memory,Memory,GO:0051015,actin filament binding,17/205,117/11020,4.5915275798757156e-11,5.754714566777563e-9,5.090956895581496e-9,CORO1A/ARPC1B/ARPC2/CFL1/TPM3/CAPG/ARPC3/LCP1/FLNA/CAPZB/WDR1/MYH9/ACTN4/ARPC5L/TLN1/CORO1B/GSN,17
GO,Memory,Memory,GO:0050839,cell adhesion molecule binding,26/205,375/11020,6.532048296736088e-9,6.140125398931922e-7,5.431913846759484e-7,PFN1/RPL14/CLIC1/PTPN6/CAPG/ANXA2/PKM/S100A11/PPP1CA/LCP1/FXYD5/FLNA/CAPZB/ITGB7/TAGLN2/ITGB2/MYH9/CAST/ACTN4/ENO1/TLN1/CORO1B/AHNAK/ITGB1/VASP/PLEC,26
GO,Memory,Memory,GO:0042277,peptide binding,17/205,171/11020,1.7951218437733362e-8,1.349931626517549e-6,1.1942284265944724e-6,HLA-A/CD74/HLA-B/HLA-DRB1/HLA-DRB5/HLA-DPB1/HLA-DRA/HLA-C/HLA-E/HLA-DPA1/HLA-DQB1/CRIP1/PPIA/HLA-F/ITGB2/TAP1/HLA-G,17
GO,Memory,Memory,GO:0045296,cadherin binding,21/205,274/11020,3.732980353114625e-8,2.339334354618498e-6,2.069511915060038e-6,PFN1/RPL14/CLIC1/CAPG/ANXA2/PKM/S100A11/PPP1CA/FXYD5/FLNA/CAPZB/TAGLN2/MYH9/CAST/ENO1/TLN1/CORO1B/AHNAK/ITGB1/VASP/PLEC,21
GO,Memory,Memory,GO:0033218,amide binding,17/205,197/11020,1.4557585867604494e-7,7.819503266027557e-6,6.917589675433114e-6,HLA-A/CD74/HLA-B/HLA-DRB1/HLA-DRB5/HLA-DPB1/HLA-DRA/HLA-C/HLA-E/HLA-DPA1/HLA-DQB1/CRIP1/PPIA/HLA-F/ITGB2/TAP1/HLA-G,17
GO,Memory,Memory,GO:0005198,structural molecule activity,26/205,449/11020,2.4752381397108706e-7,1.1633619256641092e-5,1.0291779633534674e-5,RPS29/RPLP2/RPS14/RPS15A/ACTB/RPL36/RPS18/RPS12/RPL27/RPL14/RPLP1/UBA52/ACTG1/RPL36A/ARPC1B/ARPC2/TPM3/RPL27A/RPL31/ARPC3/VIM/ISCU/SEPT6/TLN1/AHNAK/PLEC,26
GO,Memory,Memory,GO:0003735,structural constituent of ribosome,14/205,154/11020,1.0179082867401685e-6,4.2525946201589265e-5,3.762093784911033e-5,RPS29/RPLP2/RPS14/RPS15A/RPL36/RPS18/RPS12/RPL27/RPL14/RPLP1/UBA52/RPL36A/RPL27A/RPL31,14
GO,Memory,Memory,GO:0003823,antigen binding,13/205,158/11020,7.570940846115423e-6,2.68095460372479e-4,2.371729156710621e-4,HLA-A/HLA-B/HLA-DRB1/HLA-DRB5/HLA-DPB1/HLA-DRA/HLA-C/HLA-E/HLA-DPA1/HLA-DQB1/HLA-F/TAP1/HLA-G,13
GO,Memory,Memory,GO:0023026,MHC class II protein complex binding,5/205,16/11020,7.843218255577844e-6,2.68095460372479e-4,2.371729156710621e-4,CD74/HLA-DRB1/MS4A1/HLA-DRA/PKM,5
GO,Memory,Memory,GO:0044325,ion channel binding,9/205,75/11020,9.720423175433685e-6,3.0457325949692215e-4,2.69443309073425e-4,S100A10/FLNA/CIB1/CALM1/CALM2/PYCARD/ACTN4/YWHAH/TSPO,9
GO,Memory,Memory,GO:0023023,MHC protein complex binding,5/205,17/11020,1.0943785610770756e-5,3.1652795304998495e-4,2.8001912979785904e-4,CD74/HLA-DRB1/MS4A1/HLA-DRA/PKM,5
GO,Memory,Memory,GO:0044548,S100 protein binding,4/205,10/11020,2.2371588173492414e-5,6.008369395166534e-4,5.315354784077897e-4,S100A6/ANXA2/S100A11/AHNAK,4
GO,Memory,Memory,GO:0005200,structural constituent of cytoskeleton,7/205,62/11020,1.4382586902296273e-4,0.003605235116842266,0.0031894017271057,ACTB/ACTG1/ARPC1B/ARPC2/ARPC3/VIM/TLN1,7
GO,Memory,Memory,GO:0005509,calcium ion binding,16/205,307/11020,1.9652501033068056e-4,0.004618337742770993,0.004085651530558886,S100A10/S100A6/S100A4/MYL12A/ANXA2/S100A11/LCP1/CIB1/MYL12B/CALM1/CALM2/CAPN2/ACTN4/ANXA4/SYTL1/GSN,16
GO,Memory,Memory,GO:0048306,calcium-dependent protein binding,5/205,32/11020,2.8380346684009334e-4,0.006277064913639711,0.005553058546221022,S100A6/S100A4/ANXA2/S100A11/ANXA4,5
GO,Memory,Memory,GO:0042287,MHC protein binding,4/205,21/11020,5.429073095041775e-4,0.011340730465198375,0.010032673087913457,CD74/HLA-E/LILRB1/TAP1,4
GO,Memory,Memory,GO:0017022,myosin binding,5/205,38/11020,6.462307110758489e-4,0.01278856565076417,0.011313512725760016,CORO1A/RHOA/MYL12B/PYCARD/GSN,5
GO,Memory,Memory,GO:0098631,cell adhesion mediator activity,4/205,24/11020,9.227154607355102e-4,0.017347050661827592,0.015346215031180067,ANXA2/S100A11/PPP1CA/ITGB1,4
GO,Memory,Memory,GO:0016247,channel regulator activity,6/205,64/11020,0.0011769693942108449,0.021073356772537032,0.01864272323662291,FXYD5/GNB2/FLNA/CALM1/CALM2/YWHAH,6
GO,Memory,Memory,GO:0042288,MHC class I protein binding,3/205,13/11020,0.0015809536223504756,0.0270199346365354,0.02390341362022729,HLA-E/LILRB1/TAP1,3
GO,Memory,Memory,GO:0098641,cadherin binding involved in cell-cell adhesion,3/205,15/11020,0.0024470799918309906,0.04000443812732402,0.03539026441275026,ANXA2/S100A11/PPP1CA,3
GO,Memory,Memory,GO:0038023,signaling receptor activity,16/205,393/11020,0.002743395573519802,0.04126066942573782,0.036501600051884533,CD74/HLA-DRA/HLA-DPA1/HLA-DQB1/HLA-DQA2/PTPN6/CTSH/TNFRSF1B/ITGB2/CD86/TLR10/HLA-DQB2/LILRB1/S1PR4/ITGB1/TSPO,16
GO,Memory,Memory,GO:0060089,molecular transducer activity,16/205,393/11020,0.002743395573519802,0.04126066942573782,0.036501600051884533,CD74/HLA-DRA/HLA-DPA1/HLA-DQB1/HLA-DQA2/PTPN6/CTSH/TNFRSF1B/ITGB2/CD86/TLR10/HLA-DQB2/LILRB1/S1PR4/ITGB1/TSPO,16
GO,Plasma(i),Plasma(i),GO:0003823,antigen binding,90/213,158/11020,4.477951910245996e-119,1.365775332625029e-116,1.2491129012791464e-116,IGHG1/IGHG3/IGHG4/JCHAIN/IGKC/IGHG2/IGLV3-1/IGLC2/IGKV1-5/IGLV1-40/IGLV6-57/IGKV1-9/IGKV3-20/IGLV3-25/IGLV1-47/IGKV1-12/IGHV3-23/IGKV3-15/IGLV2-8/IGLL5/IGLC3/IGLV2-14/IGHV3-15/IGKV1-27/IGLV1-44/IGKV1-8/IGLV3-10/IGKV1-17/IGLV3-21/IGKV1D-13/IGHV3-30/IGHM/IGHV3-7/IGHV3-21/IGKV1-16/IGLV2-11/IGKV1-6/IGLV1-51/IGHV3-64/IGKV4-1/IGKV1D-8/IGKV3D-11/IGKV3D-20/IGLV3-19/IGLV2-23/IGKV1D-39/IGKV1-39/IGKV1D-43/IGLV4-69/IGHV4-34/IGHV3-48/IGLV3-27/IGHV1-18/IGLV1-36/IGHV3-33/IGHV3-74/IGHV4-39/IGHA1/IGLV3-9/IGKV3D-15/IGHV5-51/IGHV4-4/IGHV1-24/IGHV3-11/IGHV1-3/IGHV3-72/IGHV4-31/IGHA2/IGHV3-43/IGKV1D-12/IGKV2-30/IGHV6-1/IGHV4-59/IGLV5-37/IGLV3-12/IGHV3-13/IGLV10-54/IGHV3-73/IGHV3-20/IGHV4-61/IGHV4-28/IGHV3-49/IGLV8-61/IGLV9-49/IGLV7-43/IGLC7/IGLV2-18/IGHV1-69/IGLV5-45/IGHV2-5,90
GO,Plasma(i),Plasma(i),GO:0004252,serine-type endopeptidase activity,46/213,121/11020,1.6205075166951006e-48,2.4712739629600285e-46,2.2601815364431666e-46,IGHG1/IGHG3/IGHG4/IGKC/IGHG2/IGLV3-1/IGKV1-5/IGLV1-40/IGLV6-57/IGKV3-20/IGLV3-25/IGLV1-47/IGKV1-12/IGHV3-23/IGKV3-15/IGLV2-8/IGLV2-14/IGLV1-44/IGKV1-17/IGLV3-21/IGHV3-30/IGHV3-7/IGKV1-16/IGLV2-11/IGLV1-51/IGKV4-1/IGKV3D-11/IGKV3D-20/IGLV3-19/IGLV2-23/IGKV1D-39/IGKV1-39/IGHV4-34/IGHV3-48/IGLV3-27/IGHV3-33/IGHV4-39/IGHV3-11/IGKV1D-12/IGKV2-30/IGHV4-59/IGHV3-13/IGLV7-43/IGLC7/IGHV1-69/IGHV2-5,46
GO,Plasma(i),Plasma(i),GO:0008236,serine-type peptidase activity,47/213,138/11020,6.510205150077472e-47,6.61870856924543e-45,6.05334864831765e-45,SEC11C/IGHG1/IGHG3/IGHG4/IGKC/IGHG2/IGLV3-1/IGKV1-5/IGLV1-40/IGLV6-57/IGKV3-20/IGLV3-25/IGLV1-47/IGKV1-12/IGHV3-23/IGKV3-15/IGLV2-8/IGLV2-14/IGLV1-44/IGKV1-17/IGLV3-21/IGHV3-30/IGHV3-7/IGKV1-16/IGLV2-11/IGLV1-51/IGKV4-1/IGKV3D-11/IGKV3D-20/IGLV3-19/IGLV2-23/IGKV1D-39/IGKV1-39/IGHV4-34/IGHV3-48/IGLV3-27/IGHV3-33/IGHV4-39/IGHV3-11/IGKV1D-12/IGKV2-30/IGHV4-59/IGHV3-13/IGLV7-43/IGLC7/IGHV1-69/IGHV2-5,47
GO,Plasma(i),Plasma(i),GO:0017171,serine hydrolase activity,47/213,141/11020,2.1230703485069015e-46,1.6188411407365124e-44,1.480562216721918e-44,SEC11C/IGHG1/IGHG3/IGHG4/IGKC/IGHG2/IGLV3-1/IGKV1-5/IGLV1-40/IGLV6-57/IGKV3-20/IGLV3-25/IGLV1-47/IGKV1-12/IGHV3-23/IGKV3-15/IGLV2-8/IGLV2-14/IGLV1-44/IGKV1-17/IGLV3-21/IGHV3-30/IGHV3-7/IGKV1-16/IGLV2-11/IGLV1-51/IGKV4-1/IGKV3D-11/IGKV3D-20/IGLV3-19/IGLV2-23/IGKV1D-39/IGKV1-39/IGHV4-34/IGHV3-48/IGLV3-27/IGHV3-33/IGHV4-39/IGHV3-11/IGKV1D-12/IGKV2-30/IGHV4-59/IGHV3-13/IGLV7-43/IGLC7/IGHV1-69/IGHV2-5,47
GO,Plasma(i),Plasma(i),GO:0034987,immunoglobulin receptor binding,31/213,44/11020,3.2923857740357244e-44,2.008355322161792e-42,1.8368046949883515e-42,IGHG1/IGHG3/IGHG4/JCHAIN/IGKC/IGHG2/IGHV3-23/IGLL5/IGHV3-15/IGHV3-30/IGHM/IGHV3-21/IGHV3-64/IGHV1-18/IGHV3-74/IGHA1/IGHV5-51/IGHV4-4/IGHV1-24/IGHV1-3/IGHV3-72/IGHV4-31/IGHA2/IGHV3-43/IGHV6-1/IGHV3-73/IGHV3-20/IGHV4-61/IGHV4-28/IGHV3-49/IGLC7,31
GO,Plasma(i),Plasma(i),GO:0004175,endopeptidase activity,48/213,263/11020,9.302364712980308e-34,4.728702062431657e-32,4.324783594631196e-32,IGHG1/IGHG3/IGHG4/HM13/IGKC/TMEM59/IGHG2/IGLV3-1/IGKV1-5/IGLV1-40/IGLV6-57/IGKV3-20/IGLV3-25/IGLV1-47/IGKV1-12/IGHV3-23/IGKV3-15/IGLV2-8/IGLV2-14/IGLV1-44/IGKV1-17/IGLV3-21/IGHV3-30/IGHV3-7/IGKV1-16/IGLV2-11/IGLV1-51/IGKV4-1/IGKV3D-11/IGKV3D-20/IGLV3-19/IGLV2-23/IGKV1D-39/IGKV1-39/IGHV4-34/IGHV3-48/IGLV3-27/IGHV3-33/IGHV4-39/IGHV3-11/IGKV1D-12/IGKV2-30/IGHV4-59/IGHV3-13/IGLV7-43/IGLC7/IGHV1-69/IGHV2-5,48
GO,Plasma(i),Plasma(i),GO:0008233,peptidase activity,52/213,412/11020,1.9369642729990409e-28,8.439630046638677e-27,7.718729809695427e-27,SEC11C/IGHG1/IGHG3/IGHG4/SPCS3/HM13/SPCS1/IGKC/SPCS2/TMEM59/IGHG2/IGLV3-1/IGKV1-5/IGLV1-40/IGLV6-57/IGKV3-20/IGLV3-25/IGLV1-47/IGKV1-12/IGHV3-23/IGKV3-15/IGLV2-8/IGLV2-14/IGLV1-44/IGKV1-17/IGLV3-21/IGHV3-30/IGHV3-7/IGKV1-16/IGLV2-11/IGLV1-51/IGKV4-1/IGKV3D-11/IGKV3D-20/IGLV3-19/IGLV2-23/IGKV1D-39/IGKV1-39/IGHV4-34/IGHV3-48/IGLV3-27/IGHV3-33/IGHV4-39/IGHV3-11/IGKV1D-12/IGKV2-30/IGHV4-59/IGHV3-13/IGLV7-43/IGLC7/IGHV1-69/IGHV2-5,52
GO,Plasma(i),Plasma(i),GO:0070011,"peptidase activity, acting on L-amino acid peptides",49/213,396/11020,2.3260382646926253e-26,8.868020884140633e-25,8.1105281597834955e-25,SEC11C/IGHG1/IGHG3/IGHG4/HM13/IGKC/TMEM59/IGHG2/IGLV3-1/IGKV1-5/IGLV1-40/IGLV6-57/IGKV3-20/IGLV3-25/IGLV1-47/IGKV1-12/IGHV3-23/IGKV3-15/IGLV2-8/IGLV2-14/IGLV1-44/IGKV1-17/IGLV3-21/IGHV3-30/IGHV3-7/IGKV1-16/IGLV2-11/IGLV1-51/IGKV4-1/IGKV3D-11/IGKV3D-20/IGLV3-19/IGLV2-23/IGKV1D-39/IGKV1-39/IGHV4-34/IGHV3-48/IGLV3-27/IGHV3-33/IGHV4-39/IGHV3-11/IGKV1D-12/IGKV2-30/IGHV4-59/IGHV3-13/IGLV7-43/IGLC7/IGHV1-69/IGHV2-5,49
GO,Plasma(i),Plasma(i),GO:0004576,oligosaccharyl transferase activity,5/213,10/11020,5.995624252911497e-7,2.0318504412644514e-5,1.8582928971012243e-5,RPN2/OSTC/RPN1/DAD1/DDOST,5
GO,Plasma(i),Plasma(i),GO:0015037,peptide disulfide oxidoreductase activity,5/213,12/11020,1.8256242401367827e-6,5.5681539324171874e-5,5.0925307751183937e-5,P4HB/PDIA6/PDIA4/GLRX/TXN,5
GO,Plasma(i),Plasma(i),GO:0051787,misfolded protein binding,6/213,24/11020,4.889846897969748e-6,1.3558211853461575e-4,1.2400090219731895e-4,SDF2L1/DNAJB9/HSPA5/DNAJC3/HSPA1A/HSPA1B,6
GO,Plasma(i),Plasma(i),GO:0003756,protein disulfide isomerase activity,5/213,17/11020,1.3179983164467084e-5,3.092226819355739e-4,2.828093553509131e-4,TXNDC11/P4HB/PDIA6/PDIA4/TXNDC5,5
GO,Plasma(i),Plasma(i),GO:0016864,"intramolecular oxidoreductase activity, transposing S-S
bonds",5/213,17/11020,1.3179983164467084e-5,3.092226819355739e-4,2.828093553509131e-4,TXNDC11/P4HB/PDIA6/PDIA4/TXNDC5,5
GO,Plasma(i),Plasma(i),GO:0051082,unfolded protein binding,9/213,101/11020,1.425590282632213e-4,0.003105750258591607,0.0028404618413348606,HSP90B1/ERLEC1/LMAN1/PPIB/SIL1/HSPA5/DNAJB11/HSPA1A/HSPA1B,9
GO,Plasma(i),Plasma(i),GO:0015036,disulfide oxidoreductase activity,5/213,33/11020,3.9297931113173426e-4,0.007990579326345263,0.007308036312274356,P4HB/PDIA6/PDIA4/GLRX/TXN,5
GO,Plasma(i),Plasma(i),GO:0016860,intramolecular oxidoreductase activity,5/213,40/11020,9.763993802084955e-4,0.018612613185224447,0.017022752352319166,TXNDC11/P4HB/PDIA6/PDIA4/TXNDC5,5
GO,Plasma(i),Plasma(i),GO:0016667,"oxidoreductase activity, acting on a sulfur group of donors",5/213,48/11020,0.002242582868510543,0.040234574993865624,0.036797799390420674,P4HB/PDIA6/PDIA4/GLRX/TXN,5
GO,Plasma(i),Plasma(i),GO:0016853,isomerase activity,8/213,124/11020,0.002764632621450662,0.04684516386346955,0.04284372191136991,FKBP11/FKBP2/TXNDC11/P4HB/PDIA6/PPIB/PDIA4/TXNDC5,8
GO,Plasma(ii),Plasma(ii),GO:0003823,antigen binding,45/91,158/11020,1.4800197159980552e-60,2.41243213707683e-58,2.3212940808811603e-58,IGHG1/IGHG3/IGHG4/JCHAIN/IGKV4-1/IGHV1-18/IGHG2/IGLV1-40/IGKC/IGKV3-20/IGLC2/IGLV6-57/IGLV3-25/IGLV3-1/IGLV3-19/IGLV1-47/IGHV4-4/IGLV2-14/IGLV2-8/IGHV3-15/IGHV3-30/IGLC3/IGHV5-51/IGLV3-9/IGHV4-39/IGHV1-24/IGLV4-69/IGKV3D-15/IGHV4-34/IGLV3-10/IGLL5/IGHV3-33/IGKV3-15/IGHV1-3/IGLV2-11/IGLV1-51/IGKV1-8/IGHA1/IGLV10-54/IGKV3D-11/IGKV3D-20/IGLV2-23/IGLV1-44/IGHV3-48/IGKV1-5,45
GO,Plasma(ii),Plasma(ii),GO:0004252,serine-type endopeptidase activity,28/91,121/11020,6.358928052147098e-34,4.3132666624901245e-32,4.150317938075741e-32,IGHG1/IGHG3/IGHG4/IGKV4-1/IGHG2/IGLV1-40/IGKC/IGKV3-20/IGLV6-57/IGLV3-25/IGLV3-1/IGLV3-19/IGLV1-47/IGLV2-14/IGLV2-8/IGHV3-30/IGHV4-39/IGHV4-34/IGHV3-33/IGKV3-15/IGLV2-11/IGLV1-51/IGKV3D-11/IGKV3D-20/IGLV2-23/IGLV1-44/IGHV3-48/IGKV1-5,28
GO,Plasma(ii),Plasma(ii),GO:0008236,serine-type peptidase activity,29/91,138/11020,7.938527599675075e-34,4.3132666624901245e-32,4.150317938075741e-32,IGHG1/IGHG3/IGHG4/SEC11C/IGKV4-1/IGHG2/IGLV1-40/IGKC/IGKV3-20/IGLV6-57/IGLV3-25/IGLV3-1/IGLV3-19/IGLV1-47/IGLV2-14/IGLV2-8/IGHV3-30/IGHV4-39/IGHV4-34/IGHV3-33/IGKV3-15/IGLV2-11/IGLV1-51/IGKV3D-11/IGKV3D-20/IGLV2-23/IGLV1-44/IGHV3-48/IGKV1-5,29
GO,Plasma(ii),Plasma(ii),GO:0017171,serine hydrolase activity,29/91,141/11020,1.5666767322056627e-33,6.384207683738075e-32,6.143021923648519e-32,IGHG1/IGHG3/IGHG4/SEC11C/IGKV4-1/IGHG2/IGLV1-40/IGKC/IGKV3-20/IGLV6-57/IGLV3-25/IGLV3-1/IGLV3-19/IGLV1-47/IGLV2-14/IGLV2-8/IGHV3-30/IGHV4-39/IGHV4-34/IGHV3-33/IGKV3-15/IGLV2-11/IGLV1-51/IGKV3D-11/IGKV3D-20/IGLV2-23/IGLV1-44/IGHV3-48/IGKV1-5,29
GO,Plasma(ii),Plasma(ii),GO:0004175,endopeptidase activity,30/91,263/11020,1.1353075860431703e-26,3.7011027305007353e-25,3.5612806383248925e-25,IGHG1/IGHG3/IGHG4/IGKV4-1/IGHG2/IGLV1-40/IGKC/IGKV3-20/IGLV6-57/IGLV3-25/IGLV3-1/IGLV3-19/HM13/TMEM59/IGLV1-47/IGLV2-14/IGLV2-8/IGHV3-30/IGHV4-39/IGHV4-34/IGHV3-33/IGKV3-15/IGLV2-11/IGLV1-51/IGKV3D-11/IGKV3D-20/IGLV2-23/IGLV1-44/IGHV3-48/IGKV1-5,30
GO,Plasma(ii),Plasma(ii),GO:0008233,peptidase activity,33/91,412/11020,2.0442695894400435e-24,5.553599051312118e-23,5.343792435553799e-23,IGHG1/IGHG3/IGHG4/SEC11C/IGKV4-1/IGHG2/IGLV1-40/IGKC/IGKV3-20/IGLV6-57/IGLV3-25/IGLV3-1/SPCS3/IGLV3-19/HM13/TMEM59/IGLV1-47/IGLV2-14/IGLV2-8/IGHV3-30/SPCS1/IGHV4-39/IGHV4-34/IGHV3-33/IGKV3-15/IGLV2-11/IGLV1-51/IGKV3D-11/IGKV3D-20/IGLV2-23/IGLV1-44/IGHV3-48/IGKV1-5,33
GO,Plasma(ii),Plasma(ii),GO:0070011,"peptidase activity, acting on L-amino acid peptides",31/91,396/11020,1.4382059525506843e-22,3.348965289510879e-21,3.2224464200007815e-21,IGHG1/IGHG3/IGHG4/SEC11C/IGKV4-1/IGHG2/IGLV1-40/IGKC/IGKV3-20/IGLV6-57/IGLV3-25/IGLV3-1/IGLV3-19/HM13/TMEM59/IGLV1-47/IGLV2-14/IGLV2-8/IGHV3-30/IGHV4-39/IGHV4-34/IGHV3-33/IGKV3-15/IGLV2-11/IGLV1-51/IGKV3D-11/IGKV3D-20/IGLV2-23/IGLV1-44/IGHV3-48/IGKV1-5,31
GO,Plasma(ii),Plasma(ii),GO:0034987,immunoglobulin receptor binding,15/91,44/11020,3.211098806030316e-21,6.54261381728677e-20,6.295443711822595e-20,IGHG1/IGHG3/IGHG4/JCHAIN/IGHV1-18/IGHG2/IGKC/IGHV4-4/IGHV3-15/IGHV3-30/IGHV5-51/IGHV1-24/IGLL5/IGHV1-3/IGHA1,15
B_CELL_5,Naive(i),Naive(i),Milpied cluster 3 (IZ),Milpied cluster 3 (IZ),61/323,223/4205,3.7280783800585194e-20,3.7280783800585194e-20,5.101580941132711e-19,LTB/RPS13/NCF1/RPS23/CD79B/RPS9/LIMD2/RPL13/FAU/RPL30/FAM129C/GNB2L1/RPL37/RPL15/RPL11/RPL5/RPL39/PFDN5/RPS15/UCP2/RPS6/RPS15A/RPL35/RPL28/RPS28/NACA/IL4R/ARPC3/ITM2B/EEF2/RPL17/FCRLA/EAF2/ATP6V1G1/SNX3/CDCA7L/MARCH1/VPREB3/BTF3/P2RY8/PLEKHA2/STX7/ANAPC16/BLOC1S2/RALGPS2/IRF8/GDI2/STK17A/LSM7/EIF3D/EIF2S3/SNX17/SH3BGRL/PSMB10/LAMTOR5/CAT/HSPA4/CTSS/CD180/ORAI2/BLNK,61
B_CELL_5,Naive(i),Naive(i),Bm1,Bm1,28/323,96/4205,2.1400961046200238e-10,2.1400961046200238e-10,1.4642762821084373e-9,FCER2/FAM129C/HVCN1/LINC00926/FOXP1/AFF3/FCRL1/TSPAN13/CD72/SNX2/IFITM2/BTLA/COL19A1/S1PR1/MYLIP/SNX29/NT5C3A/SP140L/MYO7B/PDLIM1/TAPT1/CHMP7/PIK3IP1/APPL1/SLC38A1/PPM1K/BCL11A/SRSF8,28
B_CELL_5,Naive(i),Naive(i),Milpied cluster 1 (LZ),Milpied cluster 1 (LZ),70/323,486/4205,4.319200574381803e-8,4.319200574381803e-8,1.970161665507489e-7,CD37/RPS19/HLA-DRB1/CD74/CD52/RPS27/HLA-DPB1/HLA-DRB5/IER2/FCER2/CD79A/HLA-DRA/RPSA/RPL18/RPL26/RPL10A/RPL21/RPL22/RPL32/HVCN1/HLA-DPA1/RPL36/HLA-A/PLPP5/MS4A1/CORO1A/HLA-DQB1/CYB561A3/CD72/SNHG7/HLA-DMA/GPSM3/SNX22/CNN2/HLA-DMB/BANK1/EVL/RP11-231C14.7/SH3BP5/LAT2/HLA-DOB/HCLS1/BIN1/CD22/CSK/HHEX/MEF2C/SWAP70/TMEM123/IL2RG/LYN/PTPN6/TAPBP/PARVG/CD19/PKIG/GLIPR1/SLC38A1/WAS/HDAC1/SLC44A2/SYK/BCL11A/HLA-DOA/DRAP1/SNRPN/SNAP23/CYBB/SLC50A1/BST2,70
B_CELL_5,Naive(i),Naive(i),Activated (Ellebedy),Activated (Ellebedy),27/323,147/4205,1.31604764497067e-5,1.31604764497067e-5,4.502268259110187e-5,LTB/CD52/HLA-DRA/HLA-DPA1/HLA-A/MS4A1/PLAC8/SNX3/HNRNPK/RASGRP2/HLA-DMA/LBH/RAC2/LAT2/FXYD5/RHOA/CALM2/TBC1D10C/GDI2/CSK/LBR/ADD3/FAM96A/CD19/ACAP2/SP110/CD1C,27
B_CELL_5,Naive(i),Naive(i),N (Ellebedy),N (Ellebedy),18/323,100/4205,4.870594608593275e-4,4.870594608593275e-4,0.0013330048402465807,TCL1A/CD74/IL4R/FOXP1/SESN1/AFF3/FCRL1/TSPAN13/CCND3/PLEKHA2/FCRL3/SF1/MEF2C/UBE2E2/GAPT/TGFBR2/PPM1K/NUCKS1,18
B_CELL_5,Naive(i),Naive(i),PreM signature,PreM signature,5/323,15/4205,0.004088667976788296,0.004088667976788296,0.00932503222776278,SELL/RASGRP2/BANK1/FXYD5/MYC,5
B_CELL_5,Naive(i),Naive(i),NR4A1 > 400,NR4A1 > 400,9/323,57/4205,0.028051525241081732,0.028051525241081732,0.05451902747526207,GMFG/MAT2B/PNISR/MEF2C/ST13/WDR74/ANXA11/IFI16/GM2A,9
B_CELL_5,Naive(i),Naive(i),IgM Mem vs IgG,IgM Mem vs IgG,22/323,192/4205,0.03585674499334544,0.03585674499334544,0.05451902747526207,TCL1A/FCER2/IGHD/IL4R/YBX3/BCL7A/CD72/CAMK2D/CD200/PLEKHA2/ADK/PCDH9/APLP2/LAIR1/SKAP1/ITPR1/PLEKHA1/SSBP2/DBNDD1/FLI1/CNTNAP2/CD1C,22
B_CELL_5,Naive(i),Naive(i),IgM Mem vs N,IgM Mem vs N,22/323,192/4205,0.03585674499334544,0.03585674499334544,0.05451902747526207,TCL1A/FCER2/IGHD/IL4R/YBX3/BCL7A/CD72/CAMK2D/CD200/PLEKHA2/ADK/PCDH9/APLP2/LAIR1/SKAP1/ITPR1/PLEKHA1/SSBP2/DBNDD1/FLI1/CNTNAP2/CD1C,22
B_CELL_5,Naive(ii),Naive(ii),Milpied cluster 3 (IZ),Milpied cluster 3 (IZ),45/169,223/4205,4.74997260003768e-21,4.74997260003768e-21,6.999959621108159e-20,RPS23/RPL11/RPL30/RPS13/RPL37/RPL13/RPS15A/RPL39/GNB2L1/RPS15/RPL28/RPS28/RPS2/FAU/RPL5/RPS9/RPL15/NACA/RPS4X/RPS6/CD79B/LTB/RPL35/PFDN5/RPL13A/LIMD2/EEF2/NCF1/UCP2/RPL17/ARPC3/FAM129C/SNX3/FCRLA/CDCA7L/ITM2B/ATP6V1G1/EIF2S3/EAF2/ANAPC16/VPREB3/GDI2/BLOC1S2/ORAI2/P2RY8,45
B_CELL_5,Naive(ii),Naive(ii),Milpied cluster 1 (LZ),Milpied cluster 1 (LZ),47/169,486/4205,2.7896275458031483e-9,2.7896275458031483e-9,2.0555150337496882e-8,CD74/RPS27/HLA-DRB1/RPL26/RPL32/RPL18/RPS19/HLA-DPB1/HLA-DRB5/CD37/RPSA/HLA-DRA/RPL21/CD52/RPL22/RPL10A/CD79A/HLA-A/IER2/CORO1A/FCER2/HVCN1/CYB561A3/BANK1/CD72/PLPP5/CNN2/CSK/SH3BP5/HLA-DOB/SNHG7/ARL6IP5/GPSM3/ANXA6/HCLS1/SPIB/PTPN6/LAT2/PSME2/BIN1/CALR/PGK1/DRAP1/APRT/BCAP31/APEX1/AC079767.4,47
B_CELL_5,Naive(ii),Naive(ii),Activated (Ellebedy),Activated (Ellebedy),17/169,147/4205,6.559405597118791e-5,6.559405597118791e-5,3.2221641529706345e-4,HLA-DRA/CD52/LTB/HLA-A/RAC2/PLAC8/SNX3/CSK/TBC1D10C/ARL6IP5/RASGRP2/GDI2/LAT2/CD1C/HNRNPK/FDFT1/ARPC5,17
B_CELL_5,Naive(ii),Naive(ii),PreM signature,PreM signature,4/169,15/4205,0.0024272460454287203,0.0024272460454287203,0.008942485430526864,BANK1/SELL/RASGRP2/MYC,4
B_CELL_5,Naive(ii),Naive(ii),Bm1,Bm1,9/169,96/4205,0.014208824321801157,0.014208824321801157,0.0418786401063613,FCER2/HVCN1/FAM129C/IFITM2/CD72/BTLA/PIK3IP1/PDLIM1/APEX1,9
B_CELL_5,Naive(iii),Naive(iii),Bm1,Bm1,34/351,96/4205,4.2240869270806804e-14,4.2240869270806804e-14,8.003533124994975e-13,LINC00926/AFF3/FAM129C/FOXP1/UTRN/FCRL1/SNX29/DGKD/ADAM19/NIPBL/PPM1K/SP140L/HECTD4/HMBOX1/SFSWAP/SMAD3/TAPT1/SLC38A1/ARID1A/NCKAP1L/CAMK1D/ABCB4/PRKCE/MAP3K8/COL19A1/DMXL1/WDFY2/SNX2/KDM4C/STIM1/JAK3/MYLIP/USF3/SLC12A6,34
B_CELL_5,Naive(iii),Naive(iii),N (Ellebedy),N (Ellebedy),22/351,100/4205,1.6495980435347e-5,1.6495980435347e-5,1.5627770938749793e-4,AFF3/FOXP1/IL4R/SF1/BTG1/TMEM2/FCRL1/MEF2C/PPM1K/BIRC3/PLEKHA2/SESN1/TCL1A/POLR2J3/FCRL3/PDE4B/VPS41/TGFBR2/FBXO11/ELK4/SERPINB9/GRIPAP1,22
B_CELL_5,Naive(iii),Naive(iii),Milpied cluster 1 (LZ),Milpied cluster 1 (LZ),56/351,486/4205,0.005996860938742095,0.005996860938742095,0.03787491119205534,MALAT1/MS4A1/PARP14/BTG1/CD22/RBM39/DDX5/BANK1/INPP5D/PCSK7/NKTR/MEF2C/CIITA/EVL/FCRL5/POU2F2/CD19/EIF4A1/BIRC3/KMT2E/TFEB/FUS/PDE7A/TMC8/AP1B1/SLC38A1/SWAP70/STAT6/SORL1/NCKAP1L/DDX21/TMC6/MAP3K8/NIN/DDX27/RANBP2/RABEP1/PRKD3/TACC1/MKNK2/SIPA1/MVD/CSNK1D/LRCH4/PLEKHO1/MYO1C/ERICH1/HLA-F/SYK/TBC1D22A/SMAP2/ARFGAP2/INTS6/TMED8/RP11-231C14.7/UBTF,56
B_CELL_5,Naive(iii),Naive(iii),Bm5,Bm5,12/351,72/4205,0.014855913294878087,0.014855913294878087,0.06556124098510333,NLRC5/PIKFYVE/FLNA/ARHGAP25/TCIRG1/SEMA4B/AHNAK/ADGRE5/VAV2/TLE4/LRRK2/ZBTB20,12
B_CELL_5,Naive(iii),Naive(iii),Milpied cluster 3 (IZ),Milpied cluster 3 (IZ),28/351,223/4205,0.0173008830377356,0.0173008830377356,0.06556124098510333,MT-ND4L/RALGPS2/FAM129C/IL4R/P2RX5/STX7/MARCH1/GGA2/TRIM38/ITSN2/KIAA1033/UVRAG/MCTP2/PLEKHA2/BRWD1/P2RY8/ORAI2/TRAF5/RABEP2/STX12/CNR2/NUDCD3/NUMB/SEL1L3/AMFR/ST6GAL1/LILRB1/UTP6,28
B_CELL_5,NR4A+,NR4A+,Milpied cluster 1 (LZ),Milpied cluster 1 (LZ),63/212,486/4205,1.4735782864003923e-13,1.4735782864003923e-13,2.326702557474304e-12,CD83/BTG1/JUNB/DUSP1/PPP1R15A/TSC22D3/LY9/MALAT1/TMSB4X/ZFP36/DUSP2/RHOH/HLA-DQA2/HLA-DQA1/BTG2/RBM39/HLA-DPA1/BCL2A1/ALG13/BIRC3/TAGAP/MAP3K8/ZFP36L1/PHACTR1/RGS1/SNHG8/PMAIP1/RAB11FIP1/GPR18/SQSTM1/CXCR5/DDX21/HERPUD1/CMTM6/STAT3/FUS/AC079767.4/NFKBIA/NFKB1/HSP90AB1/SGK1/MARCKSL1/SLC25A6/EGR1/AMD1/LYN/RPL23/RANBP2/ATP1A1/MAPK1IP1L/SAMSN1/CD48/SASH3/TRAF4/ATP1B3/BASP1/WIPF1/EIF4A1/HSPA9/BCL6/ALOX5AP/PEA15/NGLY1,63
B_CELL_5,NR4A+,NR4A+,GC LZ,GC LZ,31/212,190/4205,2.629301699697429e-9,2.629301699697429e-9,2.0757644997611283e-8,CD83/SLC2A3/NR4A1/KDM6B/MALAT1/CREM/DUSP2/GPR183/HLA-DQA1/BCL2A1/BIRC3/MAP3K8/PHACTR1/CD44/TNFAIP3/DDX21/DUSP10/NFKB2/NFKBIA/NFKB1/HSP90AB1/EGR1/SNX9/SAMSN1/TRAF4/EGR3/ZC3H12A/IFI30/EGR2/SLAMF1/DUSP4,31
B_CELL_5,NR4A+,NR4A+,PreM signature,PreM signature,5/212,15/4205,6.15955587223084e-4,6.15955587223084e-4,0.0032418715117004423,CD69/CXCR4/GPR183/CD44/CCR6,5
B_CELL_5,NR4A+,NR4A+,NR4A1 > 400,NR4A1 > 400,9/212,57/4205,0.001927219877133201,0.001927219877133201,0.00760744688342053,HSPH1/HSPE1/HSP90AB1/HSPD1/HSP90AA1/YME1L1/MAP1LC3B2/MTRNR2L8/HSPA1B,9
B_CELL_5,NR4A+,NR4A+,Milpied cluster 3 (IZ),Milpied cluster 3 (IZ),20/212,223/4205,0.00787626564911817,0.00787626564911817,0.024872417839320534,FOS/KLF6/RPL34/RPS29/RPL38/RPS2/RPL13A/RPS20/ZFAS1/RPL17/NBEAL1/RPS11/RPL31/JUN/SMIM14/CD24/NR1H2/SLBP/VPREB3/IRF8,20
B_CELL_5,NR4A+,NR4A+,RM (Ellebedy),RM (Ellebedy),4/212,21/4205,0.01910424775112736,0.01910424775112736,0.04889145991253884,GPR183/BIRC3/ZFP36L1/WSB1,4
B_CELL_5,NR4A+,NR4A+,Bm1,Bm1,10/212,96/4205,0.021675213894558884,0.021675213894558884,0.04889145991253884,CD83/ZNF331/MAP3K8/PHACTR1/MYADM/SIDT1/PTGER4/RLF/PTPN22/UTRN,10
B_CELL_5,NR4A+,NR4A+,N (Ellebedy),N (Ellebedy),10/212,100/4205,0.027952770396547602,0.027952770396547602,0.05516994157213343,CD83/BTG1/BIRC3/PDE4B/TAGAP/PHACTR1/HNRNPA0/LRRFIP1/TMEM2/WIPF1,10
B_CELL_5,NR4A+,NR4A+,Tbet KO up,Tbet KO up,33/212,492/4205,0.04970265704467568,0.04970265704467568,0.08719764393802751,CD83/NR4A2/JUNB/KLF6/NR4A1/REL/ARL4A/RASGEF1B/NR4A3/RGS1/RGS2/LDLRAD4/TNFAIP3/TNFSF9/NFKB2/RELB/IL6/ZBTB10/MARCKSL1/HIF1A/CCR6/IRF1/CCR7/EGR3/PTGER4/BCL6/BHLHE40/ALOX5AP/ID3/EGR2/SLAMF1/CD70/RGCC,33
B_CELL_5,LMNA+,LMNA+,Activated (Ellebedy),Activated (Ellebedy),37/221,147/4205,1.317955270931596e-16,1.317955270931596e-16,2.3584462742986456e-15,TMSB4X/RPS29/HLA-DRA/ACTG1/ACTB/HLA-DPA1/HLA-DQA1/PFN1/S100A10/HLA-A/TAGLN2/ITGB1/CAPG/DNAJA1/GSTK1/MYL12A/CTSH/FXYD5/ARPC2/CD53/BCAS4/MYADM/LITAF/ATP6V0E1/KYNU/PTPN1/GABARAPL2/CLECL1/PEA15/COCH/FAM102A/NAP1L1/CD86/CIB1/AIM2/AP1S2/ANXA2,37
B_CELL_5,LMNA+,LMNA+,Milpied cluster 1 (LZ),Milpied cluster 1 (LZ),69/221,486/4205,5.047283890456548e-16,5.047283890456548e-16,4.51599084935586e-15,TMSB4X/HLA-DRA/ACTG1/RPS27/RPL32/B2M/CD74/RPL36/CD83/ACTB/HLA-DPA1/HLA-DQA1/RPL21/HLA-DPB1/PPP1R15A/PFN1/SH3BGRL3/HLA-A/HLA-DQB1/NFKBIA/COTL1/TSC22D3/HLA-B/TAGLN2/HOPX/HLA-DQA2/ATP2B1/SYNGR2/HLA-C/CD82/ARPC1B/ARID5B/ZFP36/RBM3/ZFP36L1/MYL12A/ZYX/CTSH/SCIMP/SQSTM1/TAGAP/TRAC/DUSP1/CD53/SLC25A6/HSP90AB1/CMTM6/HCST/RAB11FIP1/BCL2A1/MAPK1IP1L/ATP6V0E1/RHOG/TOX/WIPF1/EIF3E/SAMSN1/PEA15/CNPY3/CD86/CHCHD10/DUSP2/CAPZB/FNBP1/TERF2IP/LYPLAL1/PLEK/EGR1/RGS1,69
B_CELL_5,LMNA+,LMNA+,Bm5,Bm5,19/221,72/4205,2.2480954127809495e-9,2.2480954127809495e-9,1.3409691935886367e-8,AHNAK/ITGB1/ATP2B1/CAPG/CD82/ADGRE5/EMP3/TNFRSF13B/CMTM6/ACP5/KYNU/PTPN1/FAM49A/FAM102A/RAB31/SCPEP1/FLNA/CDC42EP3/ARID5A,19
B_CELL_5,LMNA+,LMNA+,Milpied cluster 3 (IZ),Milpied cluster 3 (IZ),27/221,223/4205,2.945278617998091e-5,2.945278617998091e-5,1.317624644893883e-4,KLF6/RPS14/RPS15A/RPS25/RPS29/RPL39/RPL28/RPS28/RPL30/RPL34/RPL11/RPS15/RPS6/LAPTM5/RPS4X/NACA/ATP5E/RPL38/TPT1/BTF3/ZFAS1/NEK6/SMIM14/LY86/NR1H2/ZFAND6/FOS,27
B_CELL_5,LMNA+,LMNA+,PreM signature,PreM signature,5/221,15/4205,7.458880368405109e-4,7.458880368405109e-4,0.002669494026587092,CD44/CD69/FXYD5/GPR183/TNFRSF13B,5
B_CELL_5,LMNA+,LMNA+,GC LZ,GC LZ,20/221,190/4205,0.0020193336346262204,0.0020193336346262204,0.006022573998008027,CD83/HLA-DQA1/HLA-DQB1/NFKBIA/CD44/HOPX/SYNGR2/GPR183/HSP90AB1/NR4A1/BCL2A1/KDM6B/KYNU/SAMSN1/TNFAIP3/DUSP2/PLEK/DUSP4/EGR2/EGR1,20
B_CELL_5,LMNA+,LMNA+,RM (Ellebedy),RM (Ellebedy),5/221,21/4205,0.0039012475305369243,0.0039012475305369243,0.009973113987838756,ZFP36L1/GPR183/UBE2N/TEX9/NAP1L1,5
B_CELL_5,LMNA+,LMNA+,Age assoc. B,Age assoc. B,6/221,45/4205,0.028785163944932763,0.028785163944932763,0.06438786671892856,AHNAK/ITGB1/LGALS1/ZBTB32/ANXA2/RGS1,6
B_CELL_5,Memory,Memory,Activated (Ellebedy),Activated (Ellebedy),50/178,147/4205,4.095887738749669e-34,4.095887738749669e-34,6.89833724420997e-33,HLA-A/RPS29/CD52/TMSB4X/ACTB/MS4A1/PFN1/HLA-DRA/HLA-DPA1/ACTG1/S100A10/ARPC2/RAC2/MYL12A/GSTK1/CD53/ARL6IP5/CAPG/ANXA2/HLA-F/RHOA/CSK/AIM2/FXYD5/CIB1/LITAF/IFI30/ITGB7/CALM2/CTSH/TNFRSF1B/TAGLN2/CLECL1/ITGB2/CD86/TKT/TLR10/ATP6V0E1/TMEM154/CPNE5/TBCB/KYNU/COCH/TBC1D10C/CD19/LTB/NT5C/ITGB1/YWHAH/NAP1L1,50
B_CELL_5,Memory,Memory,Milpied cluster 1 (LZ),Milpied cluster 1 (LZ),71/178,486/4205,1.815248015880163e-23,1.815248015880163e-23,1.5286299081096113e-22,HLA-A/CD52/CD74/TMSB4X/HLA-B/SH3BGRL3/HLA-DRB1/ACTB/RPL36/MS4A1/PFN1/COTL1/HLA-DRB5/HLA-DPB1/HLA-DRA/B2M/CORO1A/HLA-C/HLA-E/HLA-DPA1/ACTG1/ARPC1B/HLA-DQB1/CD82/SYNGR2/MYL12A/HLA-DQA2/SCIMP/PTPN6/CD53/ARL6IP5/HOPX/HLA-F/BANK1/CSK/PPP1R18/HCLS1/LCP1/PLEK/GPSM3/CAPZB/CNPY3/CTSH/TAGLN2/ITGB2/CD86/TFEB/TLR10/ATP6V0E1/HLA-DQB2/TMEM154/LYPLAL1/WDR1/RGS19/ZYX/POU2F2/TBCB/SEPT6/TPI1/HCST/RHOG/CD19/MFSD10/PLEKHO1/ARPC5L/SASH3/FNBP1/GSN/CCDC85B/VASP/TRAC,71
B_CELL_5,Memory,Memory,Bm5,Bm5,21/178,72/4205,5.312288683775183e-13,5.312288683775183e-13,2.9823375066808048e-12,PSMB9/CD82/EMP3/CAPG/ACP5/FLNA/TNFRSF13B/ITGB7/TNFRSF1B/SCPEP1/RAB31/KYNU/MYO1G/MFSD10/CCDC50/DOCK10/TAP1/NLRC5/AHNAK/ITGB1/MYO1F,21
B_CELL_5,Memory,Memory,Age assoc. B,Age assoc. B,7/178,45/4205,0.0025098888986832333,0.0025098888986832333,0.010567953257613616,ANXA2/LGALS1/ZBTB32/ZEB2/ITGAX/AHNAK/ITGB1,7
B_CELL_5,Memory,Memory,IgG Mem vs others,IgG Mem vs others,3/178,14/4205,0.019229635198225587,0.019229635198225587,0.0647735080361283,ITGB7/ITGB1/CCL5,3
B_CELL_5,Memory,Memory,PreM signature,PreM signature,3/178,15/4205,0.023303149276413977,0.023303149276413977,0.06541234884607433,BANK1/FXYD5/TNFRSF13B,3
B_CELL_5,Plasma(i),Plasma(i),sorted_Pre_GC,sorted_Pre_GC,80/128,389/4205,7.129686010117057e-53,7.129686010117057e-53,8.255425906451329e-52,MZB1/XBP1/SSR4/SEC11C/IGHG1/IGHG3/HSP90B1/IGHG4/SSR3/ITM2C/SEC61B/SPCS3/MYDGF/TMEM258/TXNDC11/CRELD2/LMAN1/RRBP1/HM13/TRIB1/JCHAIN/PRDM1/KDELR2/SPCS1/IGKC/P4HB/PDIA6/SLAMF7/PPIB/HDLBP/PDIA4/SPCS2/SEC61G/TMEM59/CD63/CD38/SEL1L/RPN2/PIM2/GLRX/TRAM1/SEC61A1/DNAJB9/ERGIC3/OSTC/HERPUD1/RPN1/TMED2/IGLC2/TNFRSF17/GMPPB/HSPA5/SPATS2/TMED10/ST6GALNAC4/PDK1/SRM/DNAJB11/GSTP1/UBE2J1/TMED9/LMAN2/MLEC/SLC44A1/SUB1/HIST1H1C/SAR1B/IDH2/IGLL5/IGLC3/DAD1/CD27/ZNF706/DDOST/IGHM/TOR3A/CDK2AP2/IGHA1/AC233755.1/AC233755.2,80
B_CELL_5,Plasma(i),Plasma(i),ASC (Ellebedy),ASC (Ellebedy),68/128,462/4205,2.8063260824182426e-33,2.8063260824182426e-33,1.6247151003474037e-32,XBP1/SSR4/FKBP11/SEC11C/PRDX4/HSP90B1/SSR3/SDF2L1/ITM2C/SEC61B/SPCS3/NUCB2/TXNDC11/CRELD2/HM13/TRIB1/PRDM1/KDELR2/KDELR1/SPCS1/P4HB/PDIA6/SLAMF7/PPIB/PDIA4/SPCS2/TXNDC5/RABAC1/SEC61G/ELL2/CD38/RPN2/PIM2/GLRX/TRAM1/UQCRQ/DNAJB9/OSTC/HERPUD1/RPN1/TMED2/SRPRB/TNFRSF17/DNAJC3/WIPI1/FAM46C/TMEM208/IFNAR2/CAV1/KRTCAP2/RPS27L/LGALS1/DNAJB11/GSTP1/UBE2J1/AQP3/SLC44A1/SELK/SUB1/HIST1H1C/SAR1B/DAD1/TXN/CITED2/COX5A/DDOST/HIST1H2BC/HIST1H2BJ,68
B_CELL_5,Plasma(i),Plasma(i),Plasma,Plasma,33/128,83/4205,5.357017251310774e-30,5.357017251310774e-30,2.067620693488369e-29,PRDX4/HSP90B1/FKBP2/SEC61B/GAS6/NUCB2/TRIB1/MANF/KDELR2/KDELR1/P4HB/PDIA6/SLAMF7/PPIB/HDLBP/SPCS2/ELL2/CD38/SEL1L/RPN2/TRAM1/RPN1/TNFRSF17/HSPA5/TMED10/PDK1/CAV1/LMAN2/AQP3/ITGA6/CD27/CITED2/DDOST,33
B_CELL_5,Plasma(i),Plasma(i),Tbet KO down,Tbet KO down,34/128,233/4205,2.3179249262548287e-15,2.3179249262548287e-15,6.709782681263978e-15,MZB1/XBP1/FKBP11/SEC11C/DERL3/HSP90B1/SDF2L1/TXNDC11/CRELD2/LMAN1/CHPF/MANF/PRDM1/FNDC3B/PDIA4/SPCS2/TXNDC5/ELL2/SELM/PIM2/OSTC/HERPUD1/RPN1/SRPRB/TNFRSF17/DNAJC3/WIPI1/FAM46C/ERN1/KRTCAP2/CKAP4/AQP3/SLC44A1/DDOST,34
B_CELL_5,Plasma(i),Plasma(i),Age assoc. B,Age assoc. B,4/128,45/4205,0.04668808483793909,0.04668808483793909,0.10811977541417475,ITM2C/FAM46C/LGALS1/RGS1,4
B_CELL_5,Plasma(ii),Plasma(ii),sorted_Pre_GC,sorted_Pre_GC,33/52,389/4205,3.1665872460104134e-22,3.1665872460104134e-22,2.3332748128497787e-21,SSR4/MZB1/IGHG1/XBP1/IGHG3/IGHG4/JCHAIN/SEC11C/ITM2C/IGKC/RRBP1/SSR3/IGLC2/HSP90B1/LMAN1/SPCS3/HM13/CD63/TMEM59/MYDGF/SEL1L/CRELD2/PDK1/KDELR2/SPCS1/TNFRSF17/SLAMF7/IGLC3/TXNDC11/CD38/IGLL5/RPN2/IGHA1,33
B_CELL_5,Plasma(ii),Plasma(ii),Plasma,Plasma,15/52,83/4205,1.821098592402694e-14,1.821098592402694e-14,6.709310603588873e-14,PRDX4/FKBP2/HSP90B1/NUCB2/GAS6/ITGA6/MANF/SEL1L/PDK1/KDELR2/TNFRSF17/SLAMF7/CD38/RPN2/HSD17B8,15
B_CELL_5,Plasma(ii),Plasma(ii),ASC (Ellebedy),ASC (Ellebedy),23/52,462/4205,8.638959875597233e-10,8.638959875597233e-10,1.7468165406000694e-9,SSR4/XBP1/FKBP11/PRDX4/SEC11C/ITM2C/SSR3/HSP90B1/SDF2L1/NUCB2/SPCS3/HM13/CRELD2/KDELR2/SPCS1/TNFRSF17/WIPI1/SLAMF7/TXNDC11/CD38/TMEM208/RPN2/SRPRB,23
B_CELL_5,Plasma(ii),Plasma(ii),Tbet KO down,Tbet KO down,17/52,233/4205,9.482718363257518e-10,9.482718363257518e-10,1.7468165406000694e-9,MZB1/XBP1/DERL3/FKBP11/SEC11C/HSP90B1/SDF2L1/LMAN1/FNDC3B/SELM/CHPF/MANF/CRELD2/TNFRSF17/WIPI1/TXNDC11/SRPRB,17
B_CELL_5,Plasma(ii),Plasma(ii),IgM Mem vs IgG,IgM Mem vs IgG,6/52,192/4205,0.029702640097279093,0.029702640097279093,0.036476926435255026,IGHG3/ITM2C/SLAMF7/CD38/IGHA1/CCDC88A,6
B_CELL_5,Plasma(ii),Plasma(ii),IgM Mem vs N,IgM Mem vs N,6/52,192/4205,0.029702640097279093,0.029702640097279093,0.036476926435255026,IGHG3/ITM2C/SLAMF7/CD38/IGHA1/CCDC88A,6
BTM,Naive(i),Naive(i),enriched in B cells (I) (M47.0),enriched in B cells (I) (M47.0),28/132,47/2011,1.0843677374117907e-22,1.2036481885270876e-20,9.93052559524482e-21,TCL1A/CD79B/FCER2/CD79A/FAM129C/IGHD/MS4A1/AFF3/FCRLA/FCRL1/TSPAN13/CD72/CD200/VPREB3/BTLA/BANK1/PCDH9/HLA-DOB/RALGPS2/PAX5/CD22/BLK/KLHL14/MACROD2/CD19/PKIG/BCL11A/PLEKHG1,28
BTM,Naive(i),Naive(i),B cell surface signature (S2),B cell surface signature (S2),25/132,62/2011,5.5845595187461295e-15,3.099430532904102e-13,2.5571404112153333e-13,CD37/CD79B/CD52/HLA-DPB1/CD79A/HLA-DRA/HLA-DPA1/FAM26F/MS4A1/FCRL1/TSPAN13/CD72/HLA-DMA/CD200/BTLA/PLD4/PCDH9/HLA-DOB/FCRL3/CD22/FCGR2B/CD19/SEMA4B/CD180/HLA-DOA,25
BTM,Naive(i),Naive(i),enriched in B cells (II) (M47.1),enriched in B cells (II) (M47.1),18/132,36/2011,5.444483373140067e-13,2.0144588480618247e-11,1.6620001875901257e-11,TCL1A/CD79B/CD79A/MS4A1/FCRLA/BANK1/HLA-DOB/RALGPS2/PAX5/FCGR2B/TPD52/KLHL14/CD19/PKIG/BCL11A/CD180/PLEKHG1/BLNK,18
BTM,Naive(i),Naive(i),enriched in B cells (VI) (M69),enriched in B cells (VI) (M69),12/132,19/2011,1.3348897879612387e-10,3.7043191615924375e-9,3.0561950408586256e-9,CD79B/CD79A/MS4A1/FCRL1/TSPAN13/CD72/CD200/BTLA/PCDH9/HLA-DOB/CD22/CD19,12
BTM,Naive(i),Naive(i),regulation of antigen presentation and immune response (M5.0),regulation of antigen presentation and immune response (M5.0),18/132,69/2011,1.6128921136954947e-7,3.397390518679952e-6,2.802967995496973e-6,HLA-DRB1/HLA-DPB1/HLA-DRA/HLA-DPA1/HLA-DQB1/PTPRC/HLA-DMA/HLA-DMB/BTLA/LAT2/HLA-DOB/CSK/MEF2C/LYN/PTPN6/CD19/SYK/HLA-DOA,18
BTM,Naive(i),Naive(i),Naive B cell surface signature (S8),Naive B cell surface signature (S8),10/132,21/2011,2.0169561631058162e-7,3.397390518679952e-6,2.802967995496973e-6,CD37/HVCN1/FAM26F/TSPAN13/CD72/HLA-DMA/CD200/BTLA/FCRL3/HLA-DOA,10
BTM,Naive(i),Naive(i),enriched in B cells (III) (M47.2),enriched in B cells (III) (M47.2),11/132,26/2011,2.1424985252936634e-7,3.397390518679952e-6,2.802967995496973e-6,IGHD/FCRLA/VPREB3/ALOX5/FCRL3/HHEX/MEF2C/FCGR2B/TPD52/CD180/HLA-DOA,11
BTM,Naive(i),Naive(i),MHC-TLR7-TLR8 cluster (M146),MHC-TLR7-TLR8 cluster (M146),7/132,15/2011,1.8549010783121495e-5,2.5736752461581074e-4,2.1233736028046973e-4,HLA-DRB1/CD74/HLA-DPB1/HLA-DRA/HLA-DPA1/HLA-A/HLA-DQB1,7
BTM,Naive(i),Naive(i),enriched in antigen presentation (II) (M95.0),enriched in antigen presentation (II) (M95.0),8/132,21/2011,2.7480997014919674e-5,3.3893229651734265e-4,2.7963119769567387e-4,HLA-DRB1/HLA-DPB1/HLA-DRA/SELL/PTPRC/HLA-DMA/HCLS1/IRF8,8
BTM,Naive(i),Naive(i),enriched in antigen presentation (I) (M71),enriched in antigen presentation (I) (M71),6/132,13/2011,8.370552053127406e-5,9.291312778971421e-4,7.665663459179836e-4,HLA-DRB1/CD74/HLA-DPB1/HLA-DRA/HLA-DPA1/HLA-DQB1,6
BTM,Naive(i),Naive(i),T cell activation and signaling (M5.1),T cell activation and signaling (M5.1),6/132,16/2011,3.3120644544310136e-4,0.003342174131289478,0.002757412512301418,HLA-DRB1/CD52/HLA-DRA/PTPRC/TRAF3IP3/IL2RG,6
BTM,Naive(i),Naive(i),translation initiation factor 3 complex (M245),translation initiation factor 3 complex (M245),5/132,11/2011,3.789045061914297e-4,0.003504866682270725,0.0028916396525135424,EEF1B2/EIF3F/EIF3H/EIF3D/PHB2,5
BTM,Naive(i),Naive(i),BCR signaling (M54),BCR signaling (M54),5/132,12/2011,6.155324524319664e-4,0.005255700170765251,0.00433613954344786,RAC2/LYN/PTPN6/SYK/BLNK,5
BTM,Naive(i),Naive(i),enriched in antigen presentation (III) (M95.1),enriched in antigen presentation (III) (M95.1),5/132,13/2011,9.479242848698982e-4,0.007515685401468479,0.006200707728096326,HLA-DRB1/HLA-DRA/PTPRC/HLA-DMA/HLA-DMB,5
BTM,Naive(i),Naive(i),"plasma cells & B cells, immunoglobulins (M156.0)","plasma cells & B cells, immunoglobulins (M156.0)",7/132,30/2011,0.0025472622583717955,0.018849740711951286,0.015551706419533066,CD52/IGHD/FCRL1/VPREB3/PCDH9/CD22/BLK,7
BTM,Naive(i),Naive(i),enriched in B cells (V) (M47.4),enriched in B cells (V) (M47.4),4/132,10/2011,0.0027317391989240365,0.018951440692535505,0.015635612520157317,CD37/FCRL3/FCGR2B/CD180,4
BTM,Naive(i),Naive(i),T cell activation (IV) (M52),T cell activation (IV) (M52),4/132,11/2011,0.004076216166199816,0.026615293791069385,0.021958563867454116,SELL/PTPRC/PTPN6/SPI1,4
BTM,Naive(i),Naive(i),enriched in B cells (IV) (M47.3),enriched in B cells (IV) (M47.3),4/132,13/2011,0.007965950795623216,0.049123363239676504,0.040528521591767244,MEF2C/TPD52/CD180/HLA-DOA,4
BTM,Naive(ii),Naive(ii),enriched in B cells (I) (M47.0),enriched in B cells (I) (M47.0),14/62,47/2011,2.412080813176152e-11,1.6160941448280218e-9,1.091783947016574e-9,CD79A/TCL1A/CD79B/FCER2/IGHD/FAM129C/BANK1/FCRLA/CD72/HLA-DOB/SPIB/VPREB3/BTLA/CD200,14
BTM,Naive(ii),Naive(ii),B cell surface signature (S2),B cell surface signature (S2),13/62,62/2011,1.6275030167705342e-8,5.452135106181289e-7,3.683296301112261e-7,HLA-DPB1/CD37/HLA-DRA/CD52/CD79A/CD79B/PLD4/CD72/FAM26F/HLA-DOB/FCGR2B/BTLA/CD200,13
BTM,Naive(ii),Naive(ii),enriched in B cells (II) (M47.1),enriched in B cells (II) (M47.1),8/62,36/2011,7.920275434098435e-6,1.7688615136153172e-4,1.194988925144676e-4,CD79A/TCL1A/CD79B/BANK1/FCRLA/HLA-DOB/FCGR2B/TPD52,8
BTM,Naive(ii),Naive(ii),enriched in B cells (VI) (M69),enriched in B cells (VI) (M69),6/62,19/2011,1.3351995583630314e-5,2.2364592602580776e-4,1.5108837107792196e-4,CD79A/CD79B/CD72/HLA-DOB/BTLA/CD200,6
BTM,Naive(ii),Naive(ii),enriched in antigen presentation (II) (M95.0),enriched in antigen presentation (II) (M95.0),6/62,21/2011,2.54423232358015e-5,2.841059427997834e-4,1.919333156385025e-4,HLA-DRB1/HLA-DPB1/HLA-DRA/PTPRC/SELL/HCLS1,6
BTM,Naive(ii),Naive(ii),Naive B cell surface signature (S8),Naive B cell surface signature (S8),6/62,21/2011,2.54423232358015e-5,2.841059427997834e-4,1.919333156385025e-4,CD37/HVCN1/CD72/FAM26F/BTLA/CD200,6
BTM,Naive(ii),Naive(ii),MHC-TLR7-TLR8 cluster (M146),MHC-TLR7-TLR8 cluster (M146),5/62,15/2011,5.608775406164202e-5,5.368399317328593e-4,3.626726954361815e-4,CD74/HLA-DRB1/HLA-DPB1/HLA-DRA/HLA-A,5
BTM,Naive(ii),Naive(ii),T cell activation and signaling (M5.1),T cell activation and signaling (M5.1),5/62,16/2011,7.965597616694701e-5,6.671188003981812e-4,4.506851283129896e-4,HLA-DRB1/HLA-DRA/CD52/PTPRC/TRAF3IP3,5
BTM,Naive(ii),Naive(ii),enriched in B cells (III) (M47.2),enriched in B cells (III) (M47.2),6/62,26/2011,9.564928938804892e-5,7.120558209999197e-4,4.810432097878483e-4,IGHD/FCRLA/ALOX5/FCGR2B/VPREB3/TPD52,6
BTM,Naive(ii),Naive(ii),chaperonin mediated protein folding (II) (M204.1),chaperonin mediated protein folding (II) (M204.1),4/62,10/2011,1.4987590274864631e-4,0.0010041685484159302,6.7838566507282e-4,PFDN5/CCT3/CCT7/CCT8,4
BTM,Naive(ii),Naive(ii),regulation of antigen presentation and immune response (M5.0),regulation of antigen presentation and immune response (M5.0),9/62,69/2011,1.8434055669561562e-4,0.0011228015726005677,7.585305203743034e-4,HLA-DRB1/HLA-DPB1/HLA-DRA/CSK/PTPRC/HLA-DOB/PTPN6/LAT2/BTLA,9
BTM,Naive(ii),Naive(ii),enriched in antigen presentation (I) (M71),enriched in antigen presentation (I) (M71),4/62,13/2011,4.7585168279166507e-4,0.0026568385622534633,0.0017948791543896134,CD74/HLA-DRB1/HLA-DPB1/HLA-DRA,4
BTM,Naive(ii),Naive(ii),T cell activation (IV) (M52),T cell activation (IV) (M52),3/62,11/2011,0.003860622571536404,0.01847583659235279,0.012481712073388372,PTPRC/SELL/PTPN6,3
BTM,Naive(ii),Naive(ii),translation initiation factor 3 complex (M245),translation initiation factor 3 complex (M245),3/62,11/2011,0.003860622571536404,0.01847583659235279,0.012481712073388372,EEF1B2/EIF3K/FBL,3
BTM,Naive(ii),Naive(ii),enriched in antigen presentation (III) (M95.1),enriched in antigen presentation (III) (M95.1),3/62,13/2011,0.006402872812049932,0.028599498560489697,0.019320949538115584,HLA-DRB1/HLA-DRA/PTPRC,3
BTM,Naive(ii),Naive(ii),chaperonin mediated protein folding (I) (M204.0),chaperonin mediated protein folding (I) (M204.0),3/62,14/2011,0.007971599807631671,0.03338107419445762,0.022551236297905383,CCT3/CCT7/CCT8,3
BTM,Naive(ii),Naive(ii),small GTPase mediated signal transduction (M215),small GTPase mediated signal transduction (M215),3/62,16/2011,0.011736490364732484,0.045812844021943994,0.030949761083167188,ARHGDIB/RAC2/ARHGAP9,3
BTM,Naive(ii),Naive(ii),"plasma cells & B cells, immunoglobulins (M156.0)","plasma cells & B cells, immunoglobulins (M156.0)",4/62,30/2011,0.012307928244701371,0.045812844021943994,0.030949761083167188,CD52/IGHD/SPIB/VPREB3,4
BTM,Naive(iii),Naive(iii),enriched in B cells (I) (M47.0),enriched in B cells (I) (M47.0),21/119,47/2011,9.956567634351867e-15,9.956567634351866e-13,8.489283982973698e-13,MS4A1/IGHM/RALGPS2/AFF3/FAM129C/IGHD/P2RX5/FCRL2/CD22/ADAM28/BANK1/FCRL1/FCRL5/CD19/PCDH9/PAX5/TCL1A/BLK/PLEKHG1/ABCB4/PTPRK,21
BTM,Naive(iii),Naive(iii),enriched in B cells (VI) (M69),enriched in B cells (VI) (M69),10/119,19/2011,2.1347286332687888e-8,1.0673643166343943e-6,9.100685226040626e-7,MS4A1/P2RX5/FCRL2/CD22/ADAM28/FCRL1/CD19/PCDH9/ABCB4/PTPRK,10
BTM,Naive(iii),Naive(iii),enriched in B cells (II) (M47.1),enriched in B cells (II) (M47.1),11/119,36/2011,3.3537855171357775e-6,9.928336381886237e-5,8.465213125608266e-5,MS4A1/IGHM/RALGPS2/BANK1/FCRL5/CD19/PAX5/TCL1A/PLEKHG1/PTPRK/CDK14,11
BTM,Naive(iii),Naive(iii),"plasma cells & B cells, immunoglobulins (M156.0)","plasma cells & B cells, immunoglobulins (M156.0)",10/119,30/2011,3.971334552754495e-6,9.928336381886237e-5,8.465213125608266e-5,IGHD/P2RX5/FCRL2/CD22/ADAM28/FCRL1/PCDH9/BLK/ABCB4/OSBPL10,10
BTM,Naive(iii),Naive(iii),B cell surface signature (S2),B cell surface signature (S2),14/119,62/2011,7.824141197932795e-6,1.5648282395865589e-4,1.334221972700119e-4,MS4A1/P2RX5/FCRL2/CD22/ADAM28/FCRL1/FCRL5/CD19/PCDH9/GABBR1/FCRL3/SEMA4B/ABCB4/PTPRK,14
BTM,Naive(iii),Naive(iii),small GTPase mediated signal transduction (M215),small GTPase mediated signal transduction (M215),6/119,16/2011,1.8603147306655392e-4,0.003100524551109232,0.0026436051435773456,ARHGAP4/HMHA1/ARHGAP25/ARAP1/ARHGAP15/FGD3,6
BTM,Naive(iii),Naive(iii),TBA (M242),TBA (M242),5/119,11/2011,2.31431377179585e-4,0.003306162531136929,0.0028189385791799076,REL/CREBBP/ACAP2/DYRK1A/SNX14,5
BTM,Naive(iii),Naive(iii),enriched in B cells (III) (M47.2),enriched in B cells (III) (M47.2),7/119,26/2011,5.462784782309844e-4,0.0068284809778873055,0.0058221785179881245,IGHD/MEF2C/FCRL5/FCRL3/ALOX5/TBC1D9/CDK14,7
BTM,Naive(iii),Naive(iii),BCR signaling (M54),BCR signaling (M54),4/119,12/2011,0.003983415200933721,0.04426016889926356,0.03773761769305631,INPP5D/PIK3CD/PLCG2/SYK,4
BTM,NR4A+,NR4A+,"growth factor induced, enriched in nuclear receptor subfamily 4 (M94)","growth factor induced, enriched in nuclear receptor subfamily 4 (M94)",8/84,11/2011,9.919716184088825e-10,9.919716184088825e-8,8.771117468036435e-8,NR4A2/DUSP1/PPP1R15A/NR4A1/CDKN1A/NR4A3/IL6/EGR3,8
BTM,NR4A+,NR4A+,putative targets of PAX3 (M89.0),putative targets of PAX3 (M89.0),8/84,15/2011,3.372573541605657e-8,1.6862867708028283e-6,1.491032513130922e-6,CD83/NR4A2/NR4A1/DUSP2/CDKN1A/EGR1/EGR3/EGR2,8
BTM,NR4A+,NR4A+,leukocyte differentiation (M160),leukocyte differentiation (M160),7/84,14/2011,4.685358636939956e-7,1.5617862123133187e-5,1.380947808782303e-5,CD83/NR4A2/JUNB/KLF6/BTG2/NFKB2/EGR2,7
BTM,NR4A+,NR4A+,AP-1 transcription factor network (M20),AP-1 transcription factor network (M20),6/84,12/2011,3.3613163373469394e-6,8.403290843367348e-5,7.430278219398498e-5,FOSB/JUNB/FOS/JUN/IL6/EGR1,6
BTM,NR4A+,NR4A+,"myeloid, dendritic cell activation via NFkB (I) (M43.0)","myeloid, dendritic cell activation via NFkB (I) (M43.0)",6/84,15/2011,1.6449433970482032e-5,3.2898867940964064e-4,2.9089525337273485e-4,CD83/NFKBID/MAP3K8/NFKB2/RELB/SAMSN1,6
BTM,NR4A+,NR4A+,signaling in T cells (I) (M35.0),signaling in T cells (I) (M35.0),5/84,10/2011,2.414736315331964e-5,3.634845096457518e-4,3.2139682958150684e-4,FOSB/JUNB/FOS/JUN/EGR1,5
BTM,NR4A+,NR4A+,chemokines and inflammatory molecules in myeloid cells (M86.0),chemokines and inflammatory molecules in myeloid cells (M86.0),6/84,16/2011,2.5443915675202624e-5,3.634845096457518e-4,3.2139682958150684e-4,DUSP1/BCL2A1/PDE4B/TNFAIP3/NFKBIA/NFKB1,6
BTM,NR4A+,NR4A+,inflammasome receptors and signaling (M53),inflammasome receptors and signaling (M53),4/84,11/2011,7.47465351341495e-4,0.009343316891768687,0.008261459146405997,BIRC3/TNFAIP3/NFKBIA/BIRC2,4
BTM,NR4A+,NR4A+,"myeloid, dendritic cell activation via NFkB (II) (M43.1)","myeloid, dendritic cell activation via NFkB (II) (M43.1)",4/84,12/2011,0.0010856944581615622,0.012063271757350691,0.010666471869657452,BIRC3/NFKB2/RELB/NFKBIA,4
BTM,NR4A+,NR4A+,regulation of antigen presentation and immune response (M5.0),regulation of antigen presentation and immune response (M5.0),9/84,69/2011,0.0018246360174046664,0.018246360174046662,0.01613362373284126,FOS/HLA-DQA1/HLA-DPA1/JUN/NFKBIA/LYN/CD24/CCR7/PTPN22,9
BTM,NR4A+,NR4A+,"cell activation (IL15, IL23, TNF) (M24)","cell activation (IL15, IL23, TNF) (M24)",4/84,14/2011,0.0020588855988447454,0.018717141807679506,0.01654989380889556,CD83/MAP3K8/TNFAIP3/NFKB2,4
BTM,LMNA+,LMNA+,MHC-TLR7-TLR8 cluster (M146),MHC-TLR7-TLR8 cluster (M146),9/75,15/2011,3.603347710780989e-10,2.8466446915169814e-8,2.275798554177467e-8,HLA-DRA/CD74/HLA-DPA1/HLA-DQA1/HLA-DPB1/HLA-A/HLA-DQB1/HLA-B/HLA-C,9
BTM,LMNA+,LMNA+,enriched in antigen presentation (I) (M71),enriched in antigen presentation (I) (M71),6/75,13/2011,3.0734435801997814e-6,1.2140102141789137e-4,9.705611305894048e-5,HLA-DRA/CD74/HLA-DPA1/HLA-DQA1/HLA-DPB1/HLA-DQB1,6
BTM,LMNA+,LMNA+,regulation of antigen presentation and immune response (M5.0),regulation of antigen presentation and immune response (M5.0),12/75,69/2011,4.780556252227496e-6,1.258879813086574e-4,1.0064328952057886e-4,HLA-DRA/HLA-DPA1/HLA-DQA1/HLA-DPB1/HLA-DQB1/NFKBIA/CTSH/TRAC/CD86/FOS/PAG1/CCR7,12
BTM,LMNA+,LMNA+,putative targets of PAX3 (M89.0),putative targets of PAX3 (M89.0),6/75,15/2011,8.443988136912735e-6,1.6676876570402652e-4,1.333261284775695e-4,CD83/NR4A2/NR4A1/DUSP2/EGR2/EGR1,6
BTM,LMNA+,LMNA+,"myeloid, dendritic cell activation via NFkB (I) (M43.0)","myeloid, dendritic cell activation via NFkB (I) (M43.0)",5/75,15/2011,1.415671809819818e-4,0.002236761459515313,0.0017882170229302965,CD83/RELB/NFKBID/SAMSN1/CCL5,5
BTM,LMNA+,LMNA+,"growth factor induced, enriched in nuclear receptor subfamily 4 (M94)","growth factor induced, enriched in nuclear receptor subfamily 4 (M94)",4/75,11/2011,4.831145461455195e-4,0.0063610081909160066,0.005085416275215995,PPP1R15A/NR4A2/DUSP1/NR4A1,4
BTM,LMNA+,LMNA+,enriched in antigen presentation (III) (M95.1),enriched in antigen presentation (III) (M95.1),4/75,13/2011,9.88698538268376e-4,0.011158169217600244,0.008920588315203391,HLA-DRA/LAPTM5/CD53/PLEK,4
BTM,LMNA+,LMNA+,leukocyte differentiation (M160),leukocyte differentiation (M160),4/75,14/2011,0.001345300840228944,0.013284845797260822,0.010620796107070611,KLF6/CD83/NR4A2/EGR2,4
BTM,LMNA+,LMNA+,chemokines and inflammatory molecules in myeloid cells (M86.0),chemokines and inflammatory molecules in myeloid cells (M86.0),4/75,16/2011,0.0023107110244920083,0.020282907881652074,0.01621551596134743,NFKBIA/DUSP1/BCL2A1/TNFAIP3,4
BTM,LMNA+,LMNA+,innate activation by cytosolic DNA sensing (M13),innate activation by cytosolic DNA sensing (M13),3/75,10/2011,0.004951147712826971,0.03555824266484825,0.028427642370298403,NFKBIA/CCL5/AIM2,3
BTM,LMNA+,LMNA+,signaling in T cells (I) (M35.0),signaling in T cells (I) (M35.0),3/75,10/2011,0.004951147712826971,0.03555824266484825,0.028427642370298403,FOSB/FOS/EGR1,3
BTM,LMNA+,LMNA+,enriched in antigen presentation (II) (M95.0),enriched in antigen presentation (II) (M95.0),4/75,21/2011,0.006594240525651082,0.039968359111005256,0.03195338503211612,HLA-DRA/HLA-DPB1/CD53/PLEK,4
BTM,LMNA+,LMNA+,complement and other receptors in DCs (M40),complement and other receptors in DCs (M40),3/75,11/2011,0.006626660150332512,0.039968359111005256,0.03195338503211612,HLA-DQA1/HLA-DQB1/CD86,3
BTM,LMNA+,LMNA+,platelet activation (I) (M32.0),platelet activation (I) (M32.0),4/75,22/2011,0.00783495099051166,0.039968359111005256,0.03195338503211612,PFN1/ZYX/NR1H2/FLNA,4
BTM,LMNA+,LMNA+,AP-1 transcription factor network (M20),AP-1 transcription factor network (M20),3/75,12/2011,0.008600786137811256,0.039968359111005256,0.03195338503211612,FOSB/FOS/EGR1,3
BTM,LMNA+,LMNA+,Memory B cell surface signature (S9),Memory B cell surface signature (S9),3/75,12/2011,0.008600786137811256,0.039968359111005256,0.03195338503211612,TNFRSF13B/GRAMD1C/SSPN,3
BTM,LMNA+,LMNA+,"myeloid, dendritic cell activation via NFkB (II) (M43.1)","myeloid, dendritic cell activation via NFkB (II) (M43.1)",3/75,12/2011,0.008600786137811256,0.039968359111005256,0.03195338503211612,NFKBIA/RELB/CCL5,3
BTM,Memory,Memory,MHC-TLR7-TLR8 cluster (M146),MHC-TLR7-TLR8 cluster (M146),12/80,15/2011,2.8186327518405274e-15,2.170347218917206e-13,1.513160740461757e-13,HLA-A/CD74/HLA-B/HLA-DRB1/HLA-DPB1/HLA-DRA/HLA-C/HLA-E/HLA-DPA1/HLA-DQB1/HLA-F/HLA-G,12
BTM,Memory,Memory,regulation of antigen presentation and immune response (M5.0),regulation of antigen presentation and immune response (M5.0),15/80,69/2011,2.689170408149981e-8,1.0353306071377428e-6,7.218299516613108e-7,HLA-DRB1/HLA-DPB1/HLA-DRA/HLA-DPA1/HLA-DQB1/PTPN6/CSK/CTSH/CD86/FGR/TLR10/LILRB1/CD19/VASP/TRAC,15
BTM,Memory,Memory,platelet activation (I) (M32.0),platelet activation (I) (M32.0),9/80,22/2011,5.195135555769268e-8,1.3334181259807788e-6,9.296558362955533e-7,PFN1/CORO1A/PPP1CA/GNB2/FLNA/ZYX/ACTN4/TLN1/GNAI2,9
BTM,Memory,Memory,enriched in antigen presentation (I) (M71),enriched in antigen presentation (I) (M71),6/80,13/2011,4.516619449011788e-6,6.955593951478153e-5,4.849422987360026e-5,CD74/HLA-DRB1/HLA-DPB1/HLA-DRA/HLA-DPA1/HLA-DQB1,6
BTM,Memory,Memory,enriched in antigen presentation (III) (M95.1),enriched in antigen presentation (III) (M95.1),6/80,13/2011,4.516619449011788e-6,6.955593951478153e-5,4.849422987360026e-5,HLA-DRB1/HLA-DRA/LAPTM5/CD53/PLEK/ITGB2,6
BTM,Memory,Memory,enriched in antigen presentation (II) (M95.0),enriched in antigen presentation (II) (M95.0),7/80,21/2011,8.989655908307197e-6,9.888621499137917e-5,6.894322576295745e-5,HLA-DRB1/HLA-DPB1/HLA-DRA/CD53/HCLS1/PLEK/ITGB2,7
BTM,Memory,Memory,platelet activation (II) (M32.1),platelet activation (II) (M32.1),7/80,21/2011,8.989655908307197e-6,9.888621499137917e-5,6.894322576295745e-5,PFN1/GNB2/FLNA/ZYX/ACTN4/TLN1/GNAI2,7
BTM,Memory,Memory,B cell surface signature (S2),B cell surface signature (S2),9/80,62/2011,5.769051699278951e-4,0.0055527122605559896,0.003871337324516138,CD52/MS4A1/HLA-DPB1/HLA-DRA/HLA-DPA1/TLR10/CD19/SSPN/FCRL2,9
BTM,Memory,Memory,Memory B cell surface signature (S9),Memory B cell surface signature (S9),4/80,12/2011,9.016188401188115e-4,0.007713850076572054,0.005378077291936771,CD52/TNFRSF13B/SSPN/GRAMD1C,4
BTM,Memory,Memory,KLF12 targets network (M32.3),KLF12 targets network (M32.3),4/80,16/2011,0.0029344934918454518,0.02054145444291816,0.014321451491303164,CORO1A/GNB2/RHOG/GNAI2,4
BTM,Memory,Memory,small GTPase mediated signal transduction (M215),small GTPase mediated signal transduction (M215),4/80,16/2011,0.0029344934918454518,0.02054145444291816,0.014321451491303164,RAC2/ARHGDIB/ARHGAP30/RHOG,4
BTM,Memory,Memory,cytoskeletal remodeling (M32.8),cytoskeletal remodeling (M32.8),3/80,10/2011,0.005944629973548498,0.03051576719754896,0.021275517800068307,FLNA/ZYX/TLN1,3
BTM,Memory,Memory,"IL2, IL7, TCR network (M65)","IL2, IL7, TCR network (M65)",3/80,10/2011,0.005944629973548498,0.03051576719754896,0.021275517800068307,PTPRCAP/LTB/TRAC,3
BTM,Memory,Memory,innate activation by cytosolic DNA sensing (M13),innate activation by cytosolic DNA sensing (M13),3/80,10/2011,0.005944629973548498,0.03051576719754896,0.021275517800068307,AIM2/PYCARD/CCL5,3
BTM,Memory,Memory,T cell signaling and costimulation (M44),T cell signaling and costimulation (M44),3/80,10/2011,0.005944629973548498,0.03051576719754896,0.021275517800068307,ARHGDIB/LCP1/IFI30,3
BTM,Memory,Memory,T cell activation (I) (M7.1),T cell activation (I) (M7.1),5/80,32/2011,0.007600078097183892,0.032183838700731174,0.022438493147468083,MS4A1/CORO1A/IKZF1/TRAC/CCL5,5
BTM,Memory,Memory,cell junction (GO) (M4.13),cell junction (GO) (M4.13),3/80,11/2011,0.007941466692388212,0.032183838700731174,0.022438493147468083,LCP1/IFI30/PRKCD,3
BTM,Memory,Memory,complement and other receptors in DCs (M40),complement and other receptors in DCs (M40),3/80,11/2011,0.007941466692388212,0.032183838700731174,0.022438493147468083,HLA-DQB1/CD86/ITGAX,3
BTM,Memory,Memory,TBA (M55),TBA (M55),3/80,11/2011,0.007941466692388212,0.032183838700731174,0.022438493147468083,ZYX/PRKCD/RHOG,3
BTM,Memory,Memory,"myeloid, dendritic cell activation via NFkB (II) (M43.1)","myeloid, dendritic cell activation via NFkB (II) (M43.1)",3/80,12/2011,0.01028808264314467,0.03960911817610698,0.027615379726335692,PRKCD/LTB/CCL5,3
BTM,Memory,Memory,TLR and inflammatory signaling (M16),TLR and inflammatory signaling (M16),4/80,24/2011,0.013445930280495864,0.04930174436181817,0.03437305485239544,FGR/LILRB1/NCF4/ITGAX,4
BTM,Plasma(i),Plasma(i),"plasma cells, immunoglobulins (M156.1)","plasma cells, immunoglobulins (M156.1)",17/40,22/2011,5.852035421258143e-27,2.45785487692842e-25,2.032812304226513e-25,IGHG1/DERL3/IGKC/TXNDC5/TNFRSF17/IGKV1-5/IGKV3-20/IGLL5/CD27/IGLV1-44/IGKV1D-13/IGHM/IGKV4-1/IGLV3-19/IGLV2-23/IGHV3-48/IGHA1,17
BTM,Plasma(i),Plasma(i),"plasma cells & B cells, immunoglobulins (M156.0)","plasma cells & B cells, immunoglobulins (M156.0)",11/40,30/2011,1.845447066196871e-12,3.8754388390134296e-11,3.2052501676050926e-11,IGHG1/ITM2C/IGKC/TNFRSF17/IGKV3-20/IGLL5/IGLV1-44/IGKV1D-13/IGKV4-1/IGLV3-19/IGLV2-23,11
BTM,Plasma(i),Plasma(i),Plasma cell surface signature (S3),Plasma cell surface signature (S3),6/40,15/2011,1.846698547968706e-7,2.5853779671561883e-6,2.1382825292269226e-6,HM13/TXNDC15/SDC1/CAV1/KRTCAP2/SLC44A1,6
BTM,Plasma(i),Plasma(i),TBA (M121),TBA (M121),4/40,12/2011,5.931725845734386e-5,6.228312138021106e-4,5.151235602874599e-4,IGKC/SLAMF7/CD27/IGKV4-1,4
BTM,Plasma(ii),Plasma(ii),"plasma cells, immunoglobulins (M156.1)","plasma cells, immunoglobulins (M156.1)",13/22,22/2011,1.7532231535971772e-22,4.558380199352661e-21,3.3218965015525465e-21,IGHG1/DERL3/IGKV4-1/IGKC/IGKV3-20/IGLV3-19/TNFRSF17/IGLL5/IGHA1/IGLV2-23/IGLV1-44/IGHV3-48/IGKV1-5,13
BTM,Plasma(ii),Plasma(ii),"plasma cells & B cells, immunoglobulins (M156.0)","plasma cells & B cells, immunoglobulins (M156.0)",10/22,30/2011,5.972334510377603e-14,7.764034863490884e-13,5.658001115094571e-13,IGHG1/IGKV4-1/ITM2C/IGKC/IGKV3-20/IGLV3-19/TNFRSF17/IGLL5/IGLV2-23/IGLV1-44,10
BTM,Plasma(ii),Plasma(ii),TBA (M121),TBA (M121),3/22,12/2011,2.347895074502505e-4,0.0020348423979021707,0.0014828810996857927,IGKV4-1/IGKC/SLAMF7,3
BTM,Plasma(ii),Plasma(ii),Plasma cell surface signature (S3),Plasma cell surface signature (S3),3/22,15/2011,4.753311803189212e-4,0.003089652672072988,0.0022515687488791005,SDC1/TXNDC15/HM13,3
BTM,Plasma(ii),Plasma(ii),enriched in B cells (III) (M47.2),enriched in B cells (III) (M47.2),3/22,26/2011,0.0025118150761520293,0.013061438395990553,0.009518457130681373,IGKC/IGHA1/IGLV1-44,3
BTM,Plasma(ii),Plasma(ii),activated dendritic cells (M67),activated dendritic cells (M67),2/22,12/2011,0.007058618257965393,0.026217724958157176,0.01910603438246272,IGKC/CD38,2
BTM,Plasma(ii),Plasma(ii),Memory B cell surface signature (S9),Memory B cell surface signature (S9),2/22,12/2011,0.007058618257965393,0.026217724958157176,0.01910603438246272,ITM2C/TNFRSF17,2
BTM,Plasma(ii),Plasma(ii),enriched in B cells (IV) (M47.3),enriched in B cells (IV) (M47.3),2/22,13/2011,0.00828690122647414,0.02693242898604096,0.01962687132585981,IGHG1/IGHA1,2
